episode,env_steps_total,episode_reward,score,survival_steps,epsilon,loss_mean,terminated,truncated,death_reason,fruit_reward_sum,distance_shaping_reward_sum,death_penalty_sum,planner_intervention_count,all_actions_unsafe_count,beam_search_runs,beam_vetoes,beam_all_forced_death
0,1550,70.0,5,1550,0.904681,0.0,True,False,body,50.0,30.0,-10.0,130,1,14,0,1
1,2209,101.0,7,659,0.886111,0.0,True,False,wall,70.0,41.0,-10.0,53,1,6,0,0
2,2923,72.0,5,714,0.866447,0.0,True,False,body,50.0,32.0,-10.0,41,1,4,0,0
3,3858,41.0,3,935,0.841393,0.0,True,False,wall,30.0,21.0,-10.0,93,1,16,0,1
4,5216,111.0,8,1358,0.806368,0.0,True,False,body,80.0,41.0,-10.0,91,1,21,0,0
5,7053,79.0,5,1837,0.761443,0.0,True,False,wall,50.0,39.0,-10.0,109,1,19,0,0
6,7904,52.0,4,851,0.741545,0.0,True,False,wall,40.0,22.0,-10.0,71,1,28,0,1
7,9119,62.0,4,1215,0.714097,0.0,True,False,wall,40.0,32.0,-10.0,84,1,26,0,1
8,10813,200.0,11,1694,0.677637,0.2221,True,False,body,110.0,100.0,-10.0,123,1,55,0,1
9,11497,225.0,12,684,0.663488,0.1431,True,False,body,120.0,115.0,-10.0,91,1,39,0,1
10,11853,138.0,7,356,0.656251,0.15,True,False,body,70.0,78.0,-10.0,13,1,5,0,0
11,12344,230.0,12,491,0.64641,0.1838,True,False,body,120.0,120.0,-10.0,45,1,15,0,0
12,12618,173.0,10,274,0.640987,0.1835,True,False,body,100.0,83.0,-10.0,18,1,9,0,1
13,13021,206.0,12,403,0.633102,0.1958,True,False,body,120.0,96.0,-10.0,29,1,17,0,0
14,13518,298.0,16,497,0.623521,0.1762,True,False,body,160.0,148.0,-10.0,46,1,27,0,0
15,13961,225.0,11,443,0.615114,0.1858,True,False,body,110.0,125.0,-10.0,28,1,19,0,1
16,14169,118.0,9,208,0.61121,0.1779,True,False,body,90.0,38.0,-10.0,12,1,9,0,1
17,14620,227.0,11,451,0.602836,0.17,True,False,body,110.0,127.0,-10.0,22,1,10,0,0
18,15441,352.0,18,821,0.587912,0.1685,True,False,body,180.0,182.0,-10.0,106,1,67,0,1
19,15845,206.0,11,404,0.580717,0.1662,True,False,body,110.0,106.0,-10.0,24,1,14,0,0
20,16274,269.0,13,429,0.573181,0.1713,True,False,body,130.0,149.0,-10.0,27,1,16,0,2
21,16875,341.0,17,601,0.562805,0.1743,True,False,body,170.0,181.0,-10.0,52,1,31,1,1
22,17227,215.0,12,352,0.556823,0.1901,True,False,body,120.0,105.0,-10.0,30,1,14,0,1
23,17611,243.0,12,384,0.550377,0.187,True,False,body,120.0,133.0,-10.0,12,1,10,0,0
24,18218,403.0,21,607,0.540354,0.1984,True,False,body,210.0,203.0,-10.0,54,1,34,0,1
25,18554,219.0,12,336,0.534893,0.2091,True,False,body,120.0,109.0,-10.0,29,1,17,0,1
26,19244,610.0,31,690,0.523868,0.1855,True,False,body,310.0,310.0,-10.0,42,1,42,1,1
27,19525,280.0,16,281,0.51945,0.2039,True,False,body,160.0,130.0,-10.0,4,1,3,0,0
28,19664,127.0,7,139,0.51728,0.1991,True,False,wall,70.0,67.0,-10.0,3,1,4,0,2
29,20143,351.0,17,479,0.509878,0.1982,True,False,body,170.0,191.0,-10.0,22,1,22,0,1
30,20361,189.0,10,218,0.506548,0.189,True,False,body,100.0,99.0,-10.0,14,1,10,0,1
31,20520,152.0,10,159,0.504135,0.182,True,False,body,100.0,62.0,-10.0,9,1,8,0,2
32,20674,82.0,5,154,0.50181,0.2085,True,False,body,50.0,42.0,-10.0,7,1,6,0,0
33,20900,172.0,9,226,0.498419,0.1712,True,False,body,90.0,92.0,-10.0,12,1,8,0,0
34,21112,176.0,9,212,0.495261,0.2018,True,False,body,90.0,96.0,-10.0,11,1,8,0,0
35,21530,283.0,16,418,0.4891,0.2009,True,False,body,160.0,133.0,-10.0,27,1,27,0,1
36,21743,241.0,15,213,0.485994,0.1678,True,False,body,150.0,101.0,-10.0,7,1,8,0,0
37,22128,294.0,16,385,0.480434,0.1893,True,False,body,160.0,144.0,-10.0,28,1,17,0,1
38,22642,414.0,23,514,0.473122,0.1756,True,False,body,230.0,194.0,-10.0,36,1,30,0,2
39,22807,168.0,10,165,0.470802,0.1562,True,False,body,100.0,78.0,-10.0,4,1,3,0,0
40,23080,221.0,11,273,0.46699,0.1975,True,False,body,110.0,121.0,-10.0,9,1,9,0,1
41,23819,667.0,35,739,0.456843,0.1865,True,False,body,350.0,327.0,-10.0,53,1,43,1,1
42,24215,366.0,19,396,0.451508,0.2294,True,False,body,190.0,186.0,-10.0,19,1,11,0,1
43,24391,187.0,10,176,0.44916,0.2003,True,False,body,100.0,97.0,-10.0,4,1,2,0,0
44,24632,233.0,13,241,0.445966,0.1952,True,False,body,130.0,113.0,-10.0,7,1,5,0,0
45,25060,390.0,19,428,0.440357,0.2023,True,False,body,190.0,210.0,-10.0,22,1,30,2,1
46,25863,606.0,30,803,0.430047,0.2119,True,False,body,300.0,316.0,-10.0,24,1,34,1,1
47,26162,266.0,14,299,0.426278,0.2326,True,False,body,140.0,136.0,-10.0,20,1,22,1,1
48,26886,595.0,30,724,0.417306,0.2123,True,False,body,300.0,305.0,-10.0,43,1,51,2,1
49,27453,508.0,26,567,0.410429,0.2351,True,False,body,260.0,258.0,-10.0,29,1,36,1,0
50,27671,161.0,10,218,0.407819,0.2393,True,False,body,100.0,71.0,-10.0,18,1,18,1,2
51,28026,272.0,14,355,0.40361,0.2307,True,False,body,140.0,142.0,-10.0,15,1,10,0,1
52,28236,156.0,7,210,0.401143,0.2417,True,False,body,70.0,96.0,-10.0,6,1,13,1,0
53,28667,399.0,21,431,0.396135,0.2218,True,False,body,210.0,199.0,-10.0,13,1,16,0,1
54,28902,233.0,15,235,0.393434,0.23,True,False,body,150.0,93.0,-10.0,10,1,16,0,0
55,29215,293.0,15,313,0.389869,0.2408,True,False,body,150.0,153.0,-10.0,10,1,9,0,1
56,29539,276.0,15,324,0.386219,0.2275,True,False,body,150.0,136.0,-10.0,21,1,14,0,1
57,29793,283.0,14,254,0.383384,0.2091,True,False,body,140.0,153.0,-10.0,9,1,6,1,1
58,30259,503.0,28,466,0.378245,0.2429,True,False,body,280.0,233.0,-10.0,20,1,31,1,6
59,30640,345.0,19,381,0.374103,0.2471,True,False,body,190.0,165.0,-10.0,15,1,19,1,1
60,30759,124.0,8,119,0.37282,0.2232,True,False,body,80.0,54.0,-10.0,1,1,2,0,1
61,30924,184.0,10,165,0.371049,0.2424,True,False,body,100.0,94.0,-10.0,4,1,8,0,1
62,31210,251.0,14,286,0.368003,0.2661,True,False,body,140.0,121.0,-10.0,9,1,9,0,1
63,31414,202.0,11,204,0.365848,0.2589,True,False,body,110.0,102.0,-10.0,5,1,5,0,1
64,31873,443.0,25,459,0.361052,0.2661,True,False,body,250.0,203.0,-10.0,18,1,22,0,1
65,32488,633.0,33,615,0.354741,0.2763,True,False,body,330.0,313.0,-10.0,31,1,44,0,3
66,32777,340.0,18,289,0.351819,0.2609,True,False,body,180.0,170.0,-10.0,12,1,19,0,1
67,33170,430.0,22,393,0.347891,0.2718,True,False,body,220.0,220.0,-10.0,10,1,18,0,1
68,33466,317.0,18,296,0.344966,0.2719,True,False,wall,180.0,147.0,-10.0,13,1,16,0,0
69,33798,350.0,19,332,0.34172,0.2532,True,False,body,190.0,170.0,-10.0,10,1,12,0,2
70,34321,558.0,30,523,0.336679,0.2937,True,False,body,300.0,268.0,-10.0,22,1,23,0,0
71,34740,407.0,21,419,0.332702,0.2585,True,False,body,210.0,207.0,-10.0,16,1,21,0,1
72,35193,486.0,26,453,0.328466,0.2702,True,False,body,260.0,236.0,-10.0,14,1,22,0,0
73,35473,308.0,17,280,0.325879,0.2513,True,False,body,170.0,148.0,-10.0,5,1,6,0,1
74,36048,626.0,34,575,0.320641,0.2529,True,False,body,340.0,296.0,-10.0,20,1,23,0,1
75,36533,578.0,30,485,0.316301,0.2965,True,False,body,300.0,288.0,-10.0,23,1,20,0,1
76,36884,402.0,22,351,0.313204,0.2904,True,False,body,220.0,192.0,-10.0,10,1,16,0,6
77,37184,342.0,17,300,0.310585,0.2902,True,False,body,170.0,182.0,-10.0,14,1,14,0,0
78,37376,192.0,11,192,0.308922,0.2656,True,False,body,110.0,92.0,-10.0,11,1,11,0,2
79,37626,275.0,14,250,0.306774,0.2571,True,False,body,140.0,145.0,-10.0,13,1,13,0,2
80,37939,323.0,19,313,0.304109,0.2665,True,False,wall,190.0,143.0,-10.0,20,1,19,0,1
81,38122,256.0,14,183,0.302563,0.2961,True,False,body,140.0,126.0,-10.0,3,1,6,0,2
82,38311,208.0,10,189,0.300977,0.4022,True,False,body,100.0,118.0,-10.0,3,1,5,0,1
83,38600,355.0,19,289,0.298571,0.294,True,False,wall,190.0,175.0,-10.0,8,1,12,0,1
84,38968,442.0,23,368,0.29554,0.2724,True,False,body,230.0,222.0,-10.0,11,1,22,0,1
85,39295,371.0,17,327,0.292879,0.2931,True,False,body,170.0,211.0,-10.0,6,1,7,0,1
86,39619,356.0,21,324,0.29027,0.2792,True,False,body,210.0,156.0,-10.0,24,1,24,0,1
87,39893,305.0,16,274,0.288085,0.274,True,False,body,160.0,155.0,-10.0,3,1,4,0,2
88,40126,305.0,17,233,0.286243,0.3017,True,False,wall,170.0,145.0,-10.0,0,1,2,0,0
89,40581,536.0,28,455,0.282687,0.2976,True,False,body,280.0,266.0,-10.0,21,1,36,0,1
90,41156,647.0,35,575,0.27827,0.3099,True,False,body,350.0,307.0,-10.0,32,1,44,0,3
91,41956,806.0,39,800,0.272263,0.2987,True,False,body,390.0,426.0,-10.0,31,1,50,2,3
92,42144,197.0,10,188,0.270875,0.3056,True,False,body,100.0,107.0,-10.0,4,1,8,0,2
93,42534,455.0,24,390,0.268022,0.2919,True,False,wall,240.0,225.0,-10.0,14,1,17,0,1
94,43385,910.0,46,851,0.261924,0.2857,True,False,wall,460.0,460.0,-10.0,46,1,96,0,4
95,43939,616.0,31,554,0.258046,0.2723,True,False,body,310.0,316.0,-10.0,16,1,25,0,1
96,44411,582.0,33,472,0.254799,0.2786,True,False,body,330.0,262.0,-10.0,21,1,42,0,8
97,44958,663.0,35,547,0.251098,0.2587,True,False,body,350.0,323.0,-10.0,25,1,46,1,1
98,45261,395.0,23,303,0.249078,0.3014,True,False,body,230.0,175.0,-10.0,13,1,20,0,0
99,45537,317.0,16,276,0.247254,0.2884,True,False,body,160.0,167.0,-10.0,7,1,7,0,0
100,46022,459.0,23,485,0.244091,0.2855,True,False,body,230.0,239.0,-10.0,27,1,39,2,1
101,46913,937.0,49,891,0.238411,0.3206,True,False,body,490.0,457.0,-10.0,43,1,82,2,0
102,47192,380.0,20,279,0.236667,0.3264,True,False,body,200.0,190.0,-10.0,11,1,14,0,2
103,47698,631.0,30,506,0.233545,0.3073,True,False,body,300.0,341.0,-10.0,18,1,37,1,1
104,48146,541.0,28,448,0.230825,0.3115,True,False,body,280.0,271.0,-10.0,17,1,25,0,4
105,48631,549.0,27,485,0.227925,0.2881,True,False,wall,270.0,289.0,-10.0,11,1,24,2,1
106,48833,277.0,16,202,0.226731,0.275,True,False,wall,160.0,127.0,-10.0,6,1,7,0,1
107,49376,691.0,37,543,0.223561,0.3052,True,False,body,370.0,331.0,-10.0,18,1,44,2,4
108,49677,367.0,21,301,0.221828,0.3222,True,False,body,210.0,167.0,-10.0,11,1,14,0,1
109,49916,298.0,16,239,0.220465,0.3186,True,False,body,160.0,148.0,-10.0,6,1,14,0,3
110,50046,159.0,8,130,0.219728,0.3823,True,False,body,80.0,89.0,-10.0,2,1,4,0,1
111,50537,612.0,34,491,0.216972,0.355,True,False,body,340.0,282.0,-10.0,25,1,28,1,2
112,50881,486.0,27,344,0.215069,0.3303,True,False,body,270.0,226.0,-10.0,16,1,30,0,5
113,51546,762.0,40,665,0.21145,0.3354,True,False,body,400.0,372.0,-10.0,39,1,61,1,1
114,52013,594.0,32,467,0.208956,0.3337,True,False,body,320.0,284.0,-10.0,27,1,37,0,8
115,52275,337.0,18,262,0.207574,0.3116,True,False,body,180.0,167.0,-10.0,12,1,16,0,1
116,52883,695.0,38,608,0.204413,0.3113,True,False,body,380.0,325.0,-10.0,41,1,61,1,1
117,53259,555.0,30,376,0.202489,0.3433,True,False,body,300.0,265.0,-10.0,8,1,21,0,6
118,54133,934.0,47,874,0.198111,0.328,True,False,body,470.0,474.0,-10.0,46,1,94,4,3
119,54725,740.0,41,592,0.195217,0.3174,True,False,body,410.0,340.0,-10.0,42,1,56,0,5
120,56034,1127.0,61,1309,0.189017,0.3664,True,False,body,610.0,527.0,-10.0,99,1,201,2,1
121,56447,553.0,31,413,0.187116,0.3649,True,False,body,310.0,253.0,-10.0,21,1,38,0,3
122,56946,632.0,32,499,0.184854,0.349,True,False,body,320.0,322.0,-10.0,30,1,64,4,1
123,57065,141.0,9,119,0.18432,0.3761,True,False,body,90.0,61.0,-10.0,5,1,7,0,3
124,57482,503.0,23,417,0.182466,0.3833,True,False,body,230.0,283.0,-10.0,23,1,31,1,6
125,58117,724.0,36,635,0.179692,0.3715,True,False,body,360.0,374.0,-10.0,27,1,52,3,4
126,58872,939.0,51,755,0.176469,0.3803,True,False,body,510.0,439.0,-10.0,52,1,81,2,1
127,58986,167.0,10,114,0.175989,0.3965,True,False,body,100.0,77.0,-10.0,4,1,4,0,1
128,59678,940.0,49,692,0.173116,0.402,True,False,body,490.0,460.0,-10.0,19,1,47,1,10
129,60258,734.0,39,580,0.170759,0.3937,True,False,body,390.0,354.0,-10.0,28,1,48,0,1
130,60783,693.0,39,525,0.168664,0.3728,True,False,wall,390.0,313.0,-10.0,19,1,37,0,3
131,61036,391.0,23,253,0.167667,0.3765,True,False,body,230.0,171.0,-10.0,6,1,10,0,1
132,61567,757.0,41,531,0.165603,0.3691,True,False,wall,410.0,357.0,-10.0,28,1,40,0,1
133,62489,1137.0,60,922,0.162104,0.3586,True,False,body,600.0,547.0,-10.0,70,1,135,5,1
134,62890,567.0,31,401,0.160616,0.356,True,False,wall,310.0,267.0,-10.0,12,1,22,0,1
135,63235,489.0,25,345,0.159351,0.3685,True,False,body,250.0,249.0,-10.0,15,1,30,0,3
136,63557,462.0,23,322,0.158183,0.3608,True,False,body,230.0,242.0,-10.0,8,1,18,0,4
137,63766,280.0,14,209,0.157432,0.3666,True,False,body,140.0,150.0,-10.0,7,1,9,0,1
138,64361,813.0,41,595,0.155323,0.3845,True,False,body,410.0,413.0,-10.0,22,1,59,2,12
139,64821,618.0,33,460,0.15372,0.3773,True,False,body,330.0,298.0,-10.0,26,1,45,1,8
140,65172,431.0,21,351,0.152514,0.3735,True,False,body,210.0,231.0,-10.0,14,1,17,0,3
141,65801,775.0,41,629,0.150387,0.3545,True,False,body,410.0,375.0,-10.0,37,1,59,0,10
142,66063,374.0,21,262,0.149514,0.3705,True,False,body,210.0,174.0,-10.0,10,1,25,0,1
143,66519,618.0,31,456,0.148012,0.3682,True,False,body,310.0,318.0,-10.0,29,1,42,0,5
144,66846,423.0,21,327,0.14695,0.3617,True,False,body,210.0,223.0,-10.0,12,1,18,0,1
145,67352,735.0,38,506,0.145328,0.3621,True,False,body,380.0,365.0,-10.0,11,1,21,0,2
146,68251,1012.0,52,899,0.142514,0.3567,True,False,body,520.0,502.0,-10.0,69,1,132,4,3
147,69469,1200.0,61,1218,0.138833,0.3624,True,False,body,610.0,600.0,-10.0,110,1,255,12,3
148,69605,208.0,11,136,0.138431,0.3506,True,False,body,110.0,108.0,-10.0,1,1,3,0,1
149,69921,477.0,26,316,0.137505,0.3484,True,False,body,260.0,227.0,-10.0,7,1,13,0,0
150,70329,607.0,34,408,0.136323,0.359,True,False,wall,340.0,277.0,-10.0,19,1,34,0,7
151,71032,947.0,47,703,0.134324,0.3445,True,False,body,470.0,487.0,-10.0,27,1,66,1,2
152,71322,440.0,23,290,0.133512,0.3657,True,False,wall,230.0,220.0,-10.0,7,1,13,0,8
153,71895,776.0,44,573,0.131932,0.356,True,False,body,440.0,346.0,-10.0,33,1,70,3,1
154,72653,943.0,48,758,0.129888,0.3597,True,False,body,480.0,473.0,-10.0,65,1,95,2,2
155,73102,624.0,32,449,0.128701,0.3689,True,False,body,320.0,314.0,-10.0,21,1,34,0,5
156,73716,890.0,45,614,0.127107,0.3595,True,False,body,450.0,450.0,-10.0,28,1,65,0,9
157,74099,510.0,30,383,0.126129,0.3637,True,False,body,300.0,220.0,-10.0,14,1,22,0,1
158,74478,562.0,30,379,0.125173,0.3856,True,False,body,300.0,272.0,-10.0,14,1,23,0,4
159,74667,320.0,18,189,0.124701,0.3994,True,False,body,180.0,150.0,-10.0,3,1,4,0,2
160,74923,369.0,20,256,0.124066,0.3913,True,False,body,200.0,179.0,-10.0,3,1,11,0,0
161,75532,774.0,42,609,0.122578,0.3729,True,False,body,420.0,364.0,-10.0,38,1,62,0,3
162,76652,974.0,51,1120,0.119918,0.3768,True,False,body,510.0,474.0,-10.0,92,1,194,9,1
163,77090,636.0,35,438,0.118905,0.3667,True,False,body,350.0,296.0,-10.0,29,1,45,1,3
164,77450,528.0,29,360,0.118083,0.3727,True,False,body,290.0,248.0,-10.0,17,1,32,0,1
165,78016,745.0,38,566,0.116811,0.3548,True,False,body,380.0,375.0,-10.0,35,1,52,1,8
166,78407,572.0,32,391,0.115945,0.3903,True,False,body,320.0,262.0,-10.0,22,1,55,0,2
167,79058,825.0,41,651,0.11453,0.3826,True,False,body,410.0,425.0,-10.0,38,1,67,3,1
168,80201,1161.0,63,1143,0.112118,0.3999,True,False,body,630.0,541.0,-10.0,118,1,227,1,9
169,80936,966.0,48,735,0.110614,0.4196,True,False,body,480.0,496.0,-10.0,30,1,63,1,3
170,81515,790.0,44,579,0.109455,0.4088,True,False,body,440.0,360.0,-10.0,38,1,105,3,5
171,81710,277.0,15,195,0.10907,0.4145,True,False,body,150.0,137.0,-10.0,5,1,13,0,3
172,82291,857.0,47,581,0.107937,0.4171,True,False,body,470.0,397.0,-10.0,40,1,67,0,10
173,83411,1195.0,64,1120,0.105814,0.409,True,False,body,640.0,565.0,-10.0,123,1,243,3,18
174,83684,404.0,22,273,0.105309,0.4193,True,False,body,220.0,194.0,-10.0,6,1,13,0,1
175,84143,658.0,34,459,0.104469,0.4039,True,False,body,340.0,328.0,-10.0,16,1,49,0,0
176,84669,779.0,40,526,0.103522,0.3841,True,False,body,400.0,389.0,-10.0,29,1,55,0,2
177,85345,947.0,48,676,0.10233,0.3862,True,False,body,480.0,477.0,-10.0,40,1,79,5,1
178,85798,671.0,37,453,0.101545,0.3746,True,False,body,370.0,311.0,-10.0,32,1,53,7,4
179,86521,939.0,47,723,0.100318,0.4071,True,False,body,470.0,479.0,-10.0,35,1,89,0,1
180,87654,1222.0,62,1133,0.098453,0.4033,True,False,body,620.0,612.0,-10.0,84,1,216,6,12
181,88053,539.0,29,399,0.097813,0.4033,True,False,body,290.0,259.0,-10.0,20,1,44,1,9
182,88510,706.0,38,457,0.09709,0.4116,True,False,body,380.0,336.0,-10.0,20,1,27,1,7
183,89185,838.0,46,675,0.096042,0.4183,True,False,body,460.0,388.0,-10.0,53,1,100,4,2
184,89545,558.0,31,360,0.095493,0.4382,True,False,body,310.0,258.0,-10.0,27,1,45,0,1
185,90021,747.0,38,476,0.094777,0.4257,True,False,body,380.0,377.0,-10.0,11,1,25,0,1
186,90544,784.0,44,523,0.094003,0.4384,True,False,body,440.0,354.0,-10.0,36,1,56,0,1
187,91293,897.0,49,749,0.092918,0.4229,True,False,body,490.0,417.0,-10.0,55,1,142,1,6
188,91673,546.0,29,380,0.092378,0.4067,True,False,body,290.0,266.0,-10.0,18,1,25,0,1
189,91891,345.0,18,218,0.092071,0.4064,True,False,body,180.0,175.0,-10.0,1,1,3,0,0
190,92527,904.0,49,636,0.091189,0.4259,True,False,body,490.0,424.0,-10.0,50,1,69,0,2
191,92969,627.0,36,442,0.090586,0.4223,True,False,body,360.0,277.0,-10.0,20,1,30,0,1
192,93750,986.0,50,781,0.089543,0.4696,True,False,body,500.0,496.0,-10.0,53,1,92,4,2
193,94680,1067.0,58,930,0.088336,0.4373,True,False,body,580.0,497.0,-10.0,115,1,187,5,7
194,95152,684.0,35,472,0.087738,0.4421,True,False,body,350.0,344.0,-10.0,18,1,28,0,1
195,95507,526.0,28,355,0.087294,0.4448,True,False,body,280.0,256.0,-10.0,19,1,30,1,1
196,96711,1417.0,74,1204,0.085827,0.4591,True,False,body,740.0,687.0,-10.0,117,1,308,4,1
197,97295,676.0,37,584,0.085136,0.4578,True,False,body,370.0,316.0,-10.0,44,1,116,2,4
198,97741,677.0,36,446,0.084618,0.451,True,False,body,360.0,327.0,-10.0,26,1,40,1,2
199,98537,1067.0,52,796,0.083711,0.4419,True,False,body,520.0,557.0,-10.0,67,1,152,8,8
200,99214,966.0,50,677,0.082959,0.4459,True,False,body,500.0,476.0,-10.0,50,1,88,1,16
201,99606,538.0,27,392,0.082531,0.4502,True,False,wall,270.0,278.0,-10.0,14,1,25,1,1
202,100000,643.0,33,394,0.082107,0.449,False,False,budget_cutoff,330.0,313.0,0.0,14,0,,,
