episode,env_steps_total,score,rollout
0,2048,0,1
1,2048,1,1
2,2048,1,1
3,2048,0,1
4,2048,1,1
5,2048,0,1
6,2048,0,1
7,2048,0,1
8,2048,0,1
9,2048,0,1
10,2048,0,1
11,2048,0,1
12,2048,0,1
13,2048,0,1
14,2048,0,1
15,2048,0,1
16,2048,0,1
17,2048,0,1
18,2048,0,1
19,2048,0,1
20,2048,1,1
21,2048,0,1
22,2048,0,1
23,2048,0,1
24,2048,0,1
25,2048,0,1
26,2048,0,1
27,2048,0,1
28,2048,0,1
29,2048,0,1
30,2048,0,1
31,2048,0,1
32,2048,1,1
33,2048,0,1
34,2048,0,1
35,2048,0,1
36,2048,1,1
37,2048,0,1
38,2048,0,1
39,2048,1,1
40,2048,0,1
41,2048,0,1
42,2048,0,1
43,2048,0,1
44,2048,1,1
45,2048,0,1
46,2048,0,1
47,2048,0,1
48,2048,0,1
49,2048,0,1
50,2048,0,1
51,2048,1,1
52,2048,0,1
53,2048,1,1
54,4096,0,2
55,4096,0,2
56,4096,2,2
57,4096,0,2
58,4096,0,2
59,4096,0,2
60,4096,0,2
61,4096,0,2
62,4096,0,2
63,4096,2,2
64,4096,1,2
65,4096,1,2
66,4096,0,2
67,4096,0,2
68,4096,0,2
69,4096,0,2
70,4096,0,2
71,4096,1,2
72,4096,1,2
73,4096,0,2
74,4096,0,2
75,4096,0,2
76,4096,0,2
77,4096,0,2
78,4096,0,2
79,4096,0,2
80,4096,0,2
81,4096,2,2
82,4096,1,2
83,4096,1,2
84,6144,6,3
85,6144,2,3
86,6144,2,3
87,6144,0,3
88,6144,0,3
89,6144,1,3
90,6144,1,3
91,6144,0,3
92,6144,3,3
93,6144,1,3
94,6144,0,3
95,6144,1,3
96,6144,0,3
97,6144,0,3
98,6144,1,3
99,6144,1,3
100,6144,0,3
101,6144,0,3
102,6144,0,3
103,6144,1,3
104,6144,0,3
105,8192,3,4
106,8192,3,4
107,8192,5,4
108,8192,3,4
109,8192,3,4
110,8192,5,4
111,8192,1,4
112,8192,2,4
113,8192,1,4
114,8192,2,4
115,8192,0,4
116,8192,1,4
117,8192,3,4
118,8192,3,4
119,8192,6,4
120,10240,0,5
121,10240,0,5
122,10240,5,5
123,10240,3,5
124,10240,3,5
125,10240,3,5
126,10240,0,5
127,10240,4,5
128,10240,4,5
129,10240,1,5
130,10240,4,5
131,10240,3,5
132,10240,1,5
133,10240,5,5
134,10240,0,5
135,10240,3,5
136,10240,1,5
137,10240,1,5
138,10240,0,5
139,12288,3,6
140,12288,5,6
141,12288,4,6
142,12288,3,6
143,12288,2,6
144,12288,6,6
145,12288,1,6
146,12288,3,6
147,12288,2,6
148,12288,3,6
149,12288,4,6
150,12288,1,6
151,12288,2,6
152,12288,6,6
153,12288,5,6
154,12288,4,6
155,12288,1,6
156,12288,3,6
157,14336,3,7
158,14336,0,7
159,14336,1,7
160,14336,3,7
161,14336,3,7
162,14336,4,7
163,14336,4,7
164,14336,4,7
165,14336,4,7
166,14336,3,7
167,14336,2,7
168,14336,3,7
169,14336,1,7
170,14336,3,7
171,14336,6,7
172,14336,2,7
173,14336,4,7
174,14336,1,7
175,14336,1,7
176,14336,3,7
177,14336,3,7
178,14336,3,7
179,14336,3,7
180,14336,6,7
181,16384,5,8
182,16384,6,8
183,16384,4,8
184,16384,5,8
185,16384,4,8
186,16384,3,8
187,16384,5,8
188,16384,5,8
189,16384,3,8
190,16384,4,8
191,16384,4,8
192,16384,3,8
193,16384,7,8
194,16384,6,8
195,16384,3,8
196,16384,3,8
197,18432,3,9
198,18432,5,9
199,18432,3,9
200,18432,3,9
201,18432,3,9
202,18432,5,9
203,18432,3,9
204,18432,3,9
205,18432,6,9
206,18432,3,9
207,18432,5,9
208,18432,0,9
209,18432,5,9
210,18432,4,9
211,18432,5,9
212,18432,2,9
213,18432,9,9
214,18432,3,9
215,18432,2,9
216,18432,2,9
217,20480,4,10
218,20480,4,10
219,20480,8,10
220,20480,4,10
221,20480,7,10
222,20480,4,10
223,20480,7,10
224,20480,3,10
225,20480,3,10
226,20480,3,10
227,20480,4,10
228,20480,3,10
229,20480,3,10
230,20480,5,10
231,20480,6,10
232,20480,3,10
233,20480,3,10
234,22528,7,11
235,22528,10,11
236,22528,6,11
237,22528,3,11
238,22528,2,11
239,22528,3,11
240,22528,6,11
241,22528,3,11
242,22528,10,11
243,22528,4,11
244,22528,1,11
245,22528,3,11
246,22528,4,11
247,22528,4,11
248,22528,4,11
249,22528,3,11
250,22528,3,11
251,22528,6,11
252,24576,7,12
253,24576,6,12
254,24576,3,12
255,24576,5,12
256,24576,6,12
257,24576,4,12
258,24576,5,12
259,24576,3,12
260,24576,4,12
261,24576,7,12
262,24576,4,12
263,24576,4,12
264,24576,6,12
265,24576,1,12
266,24576,4,12
267,24576,8,12
268,26624,9,13
269,26624,3,13
270,26624,8,13
271,26624,6,13
272,26624,5,13
273,26624,10,13
274,26624,12,13
275,26624,7,13
276,26624,5,13
277,26624,7,13
278,26624,5,13
279,26624,3,13
280,26624,0,13
281,26624,3,13
282,26624,7,13
283,28672,12,14
284,28672,5,14
285,28672,8,14
286,28672,11,14
287,28672,7,14
288,28672,5,14
289,28672,7,14
290,28672,3,14
291,28672,8,14
292,28672,3,14
293,28672,8,14
294,28672,6,14
295,28672,6,14
296,30720,6,15
297,30720,13,15
298,30720,5,15
299,30720,8,15
300,30720,5,15
301,30720,8,15
302,30720,9,15
303,30720,10,15
304,30720,3,15
305,30720,13,15
306,30720,5,15
307,30720,9,15
308,32768,8,16
309,32768,10,16
310,32768,6,16
311,32768,6,16
312,32768,3,16
313,32768,4,16
314,32768,9,16
315,32768,6,16
316,32768,12,16
317,32768,3,16
318,32768,8,16
319,32768,6,16
320,32768,10,16
321,32768,8,16
322,34816,10,17
323,34816,8,17
324,34816,11,17
325,34816,6,17
326,34816,7,17
327,34816,9,17
328,34816,12,17
329,34816,15,17
330,34816,13,17
331,34816,10,17
332,34816,7,17
333,36864,10,18
334,36864,10,18
335,36864,8,18
336,36864,7,18
337,36864,4,18
338,36864,8,18
339,36864,3,18
340,36864,3,18
341,36864,8,18
342,36864,12,18
343,36864,8,18
344,36864,7,18
345,36864,16,18
346,38912,7,19
347,38912,15,19
348,38912,8,19
349,38912,5,19
350,38912,7,19
351,38912,5,19
352,38912,9,19
353,38912,8,19
354,38912,7,19
355,38912,11,19
356,38912,8,19
357,38912,13,19
358,38912,8,19
359,38912,12,19
360,40960,14,20
361,40960,11,20
362,40960,8,20
363,40960,11,20
364,40960,15,20
365,40960,11,20
366,40960,10,20
367,40960,12,20
368,40960,8,20
369,40960,6,20
370,40960,15,20
371,40960,6,20
372,40960,3,20
373,43008,7,21
374,43008,13,21
375,43008,9,21
376,43008,9,21
377,43008,12,21
378,43008,11,21
379,43008,8,21
380,43008,6,21
381,43008,12,21
382,43008,9,21
383,43008,9,21
384,43008,9,21
385,43008,5,21
386,45056,10,22
387,45056,8,22
388,45056,7,22
389,45056,10,22
390,45056,9,22
391,45056,5,22
392,45056,6,22
393,45056,4,22
394,45056,7,22
395,45056,12,22
396,45056,14,22
397,45056,6,22
398,45056,14,22
399,47104,8,23
400,47104,13,23
401,47104,11,23
402,47104,6,23
403,47104,8,23
404,47104,13,23
405,47104,9,23
406,47104,7,23
407,47104,12,23
408,47104,12,23
409,47104,12,23
410,47104,12,23
411,47104,8,23
412,49152,14,24
413,49152,3,24
414,49152,10,24
415,49152,9,24
416,49152,8,24
417,49152,14,24
418,49152,7,24
419,49152,8,24
420,49152,6,24
421,49152,5,24
422,49152,6,24
423,49152,14,24
424,49152,7,24
425,49152,11,24
426,49152,7,24
427,51200,10,25
428,51200,5,25
429,51200,13,25
430,51200,4,25
431,51200,7,25
432,51200,7,25
433,51200,6,25
434,51200,14,25
435,51200,5,25
436,51200,16,25
437,51200,5,25
438,51200,9,25
439,51200,11,25
440,51200,9,25
441,51200,17,25
442,51200,10,25
443,53248,9,26
444,53248,16,26
445,53248,10,26
446,53248,14,26
447,53248,10,26
448,53248,7,26
449,53248,6,26
450,53248,11,26
451,53248,11,26
452,53248,17,26
453,53248,10,26
454,53248,7,26
455,53248,10,26
456,55296,8,27
457,55296,1,27
458,55296,10,27
459,55296,11,27
460,55296,12,27
461,55296,13,27
462,55296,4,27
463,55296,9,27
464,55296,5,27
465,55296,13,27
466,55296,3,27
467,55296,4,27
468,55296,8,27
469,55296,6,27
470,55296,12,27
471,55296,7,27
472,55296,7,27
473,55296,6,27
474,55296,13,27
475,57344,8,28
476,57344,4,28
477,57344,16,28
478,57344,10,28
479,57344,9,28
480,57344,12,28
481,57344,12,28
482,57344,13,28
483,57344,22,28
484,57344,15,28
485,57344,13,28
486,59392,16,29
487,59392,7,29
488,59392,7,29
489,59392,11,29
490,59392,11,29
491,59392,13,29
492,59392,7,29
493,59392,8,29
494,59392,2,29
495,59392,12,29
496,59392,7,29
497,59392,10,29
498,59392,7,29
499,59392,11,29
500,59392,11,29
501,61440,13,30
502,61440,23,30
503,61440,10,30
504,61440,7,30
505,61440,5,30
506,61440,4,30
507,61440,5,30
508,61440,12,30
509,61440,6,30
510,61440,7,30
511,61440,6,30
512,61440,5,30
513,61440,28,30
514,61440,11,30
515,61440,6,30
516,63488,4,31
517,63488,10,31
518,63488,10,31
519,63488,5,31
520,63488,5,31
521,63488,9,31
522,63488,11,31
523,63488,8,31
524,63488,6,31
525,63488,12,31
526,63488,14,31
527,63488,8,31
528,63488,2,31
529,63488,5,31
530,63488,7,31
531,63488,9,31
532,63488,7,31
533,63488,9,31
534,63488,5,31
535,63488,3,31
536,65536,7,32
537,65536,11,32
538,65536,4,32
539,65536,14,32
540,65536,12,32
541,65536,5,32
542,65536,6,32
543,65536,9,32
544,65536,19,32
545,65536,9,32
546,65536,13,32
547,65536,9,32
548,65536,5,32
549,65536,7,32
550,65536,11,32
551,67584,18,33
552,67584,8,33
553,67584,12,33
554,67584,11,33
555,67584,13,33
556,67584,5,33
557,67584,11,33
558,67584,11,33
559,67584,13,33
560,67584,16,33
561,67584,6,33
562,67584,7,33
563,67584,17,33
564,67584,9,33
565,67584,4,33
566,69632,16,34
567,69632,9,34
568,69632,2,34
569,69632,9,34
570,69632,9,34
571,69632,4,34
572,69632,15,34
573,69632,6,34
574,69632,14,34
575,69632,14,34
576,69632,4,34
577,69632,17,34
578,69632,10,34
579,69632,9,34
580,69632,9,34
581,69632,12,34
582,71680,13,35
583,71680,8,35
584,71680,10,35
585,71680,9,35
586,71680,21,35
587,71680,4,35
588,71680,19,35
589,71680,19,35
590,71680,6,35
591,71680,3,35
592,71680,14,35
593,71680,14,35
594,71680,6,35
595,71680,5,35
596,71680,11,35
597,71680,6,35
598,73728,11,36
599,73728,7,36
600,73728,14,36
601,73728,9,36
602,73728,11,36
603,73728,16,36
604,73728,5,36
605,73728,9,36
606,73728,3,36
607,73728,7,36
608,73728,7,36
609,73728,9,36
610,73728,3,36
611,73728,8,36
612,73728,9,36
613,73728,12,36
614,75776,13,37
615,75776,10,37
616,75776,8,37
617,75776,6,37
618,75776,9,37
619,75776,6,37
620,75776,7,37
621,75776,15,37
622,75776,9,37
623,75776,5,37
624,75776,15,37
625,75776,11,37
626,75776,5,37
627,75776,5,37
628,75776,10,37
629,75776,8,37
630,77824,9,38
631,77824,7,38
632,77824,5,38
633,77824,7,38
634,77824,12,38
635,77824,9,38
636,77824,11,38
637,77824,14,38
638,77824,11,38
639,77824,18,38
640,77824,10,38
641,77824,12,38
642,77824,14,38
643,77824,10,38
644,77824,7,38
645,79872,6,39
646,79872,4,39
647,79872,7,39
648,79872,8,39
649,79872,16,39
650,79872,8,39
651,79872,11,39
652,79872,14,39
653,79872,11,39
654,79872,25,39
655,79872,12,39
656,79872,5,39
657,79872,16,39
658,79872,16,39
659,79872,3,39
660,81920,7,40
661,81920,13,40
662,81920,8,40
663,81920,7,40
664,81920,10,40
665,81920,16,40
666,81920,8,40
667,81920,10,40
668,81920,11,40
669,81920,9,40
670,81920,12,40
671,81920,13,40
672,81920,6,40
673,81920,9,40
674,81920,3,40
675,81920,11,40
676,83968,12,41
677,83968,18,41
678,83968,18,41
679,83968,10,41
680,83968,13,41
681,83968,5,41
682,83968,4,41
683,83968,9,41
684,83968,14,41
685,83968,10,41
686,83968,8,41
687,83968,7,41
688,83968,19,41
689,83968,5,41
690,83968,8,41
691,83968,10,41
692,86016,6,42
693,86016,3,42
694,86016,11,42
695,86016,6,42
696,86016,11,42
697,86016,16,42
698,86016,5,42
699,86016,7,42
700,86016,5,42
701,86016,3,42
702,86016,5,42
703,86016,12,42
704,86016,12,42
705,86016,20,42
706,86016,8,42
707,86016,15,42
708,86016,9,42
709,86016,13,42
710,88064,5,43
711,88064,15,43
712,88064,21,43
713,88064,6,43
714,88064,9,43
715,88064,5,43
716,88064,11,43
717,88064,21,43
718,88064,19,43
719,88064,6,43
720,88064,17,43
721,88064,12,43
722,88064,5,43
723,90112,7,44
724,90112,5,44
725,90112,11,44
726,90112,12,44
727,90112,9,44
728,90112,31,44
729,90112,16,44
730,90112,9,44
731,90112,14,44
732,90112,8,44
733,90112,3,44
734,90112,6,44
735,90112,8,44
736,90112,11,44
737,90112,6,44
738,90112,11,44
739,92160,7,45
740,92160,14,45
741,92160,14,45
742,92160,8,45
743,92160,3,45
744,92160,15,45
745,92160,9,45
746,92160,13,45
747,92160,16,45
748,92160,12,45
749,92160,19,45
750,92160,13,45
751,92160,18,45
752,92160,6,45
753,94208,9,46
754,94208,5,46
755,94208,13,46
756,94208,10,46
757,94208,23,46
758,94208,7,46
759,94208,14,46
760,94208,5,46
761,94208,8,46
762,94208,10,46
763,94208,9,46
764,94208,18,46
765,94208,7,46
766,94208,9,46
767,94208,18,46
768,94208,9,46
769,94208,11,46
770,94208,3,46
771,96256,9,47
772,96256,10,47
773,96256,10,47
774,96256,4,47
775,96256,18,47
776,96256,9,47
777,96256,9,47
778,96256,22,47
779,96256,12,47
780,96256,14,47
781,96256,15,47
782,96256,15,47
783,96256,16,47
784,98304,11,48
785,98304,9,48
786,98304,7,48
787,98304,14,48
788,98304,24,48
789,98304,16,48
790,98304,12,48
791,98304,7,48
792,98304,13,48
793,98304,9,48
794,98304,9,48
795,98304,16,48
796,98304,9,48
797,98304,11,48
798,100352,16,49
799,100352,10,49
800,100352,22,49
801,100352,8,49
802,100352,5,49
803,100352,12,49
804,100352,10,49
805,100352,33,49
806,100352,17,49
807,100352,10,49
808,100352,6,49
809,100352,10,49
810,100352,7,49
811,102400,8,50
812,102400,8,50
813,102400,7,50
814,102400,4,50
815,102400,11,50
816,102400,11,50
817,102400,12,50
818,102400,28,50
819,102400,9,50
820,102400,19,50
821,102400,4,50
822,102400,9,50
823,102400,17,50
824,102400,11,50
825,102400,11,50
826,104448,5,51
827,104448,8,51
828,104448,11,51
829,104448,11,51
830,104448,12,51
831,104448,11,51
832,104448,11,51
833,104448,11,51
834,104448,6,51
835,104448,8,51
836,104448,13,51
837,104448,15,51
838,104448,13,51
839,104448,4,51
840,104448,18,51
841,104448,7,51
842,104448,13,51
843,106496,9,52
844,106496,18,52
845,106496,18,52
846,106496,12,52
847,106496,9,52
848,106496,9,52
849,106496,15,52
850,106496,3,52
851,106496,8,52
852,106496,18,52
853,106496,11,52
854,106496,19,52
855,106496,7,52
856,108544,5,53
857,108544,9,53
858,108544,10,53
859,108544,13,53
860,108544,24,53
861,108544,20,53
862,108544,9,53
863,108544,23,53
864,108544,16,53
865,108544,13,53
866,108544,21,53
867,110592,5,54
868,110592,9,54
869,110592,7,54
870,110592,15,54
871,110592,9,54
872,110592,17,54
873,110592,6,54
874,110592,11,54
875,110592,10,54
876,110592,15,54
877,110592,11,54
878,110592,13,54
879,110592,16,54
880,110592,13,54
881,110592,14,54
882,112640,11,55
883,112640,15,55
884,112640,9,55
885,112640,8,55
886,112640,12,55
887,112640,17,55
888,112640,10,55
889,112640,5,55
890,112640,26,55
891,112640,7,55
892,112640,11,55
893,112640,7,55
894,112640,4,55
895,112640,3,55
896,112640,6,55
897,112640,8,55
898,112640,14,55
899,114688,17,56
900,114688,21,56
901,114688,9,56
902,114688,17,56
903,114688,30,56
904,114688,9,56
905,114688,23,56
906,114688,26,56
907,116736,8,57
908,116736,18,57
909,116736,15,57
910,116736,19,57
911,116736,19,57
912,116736,15,57
913,116736,27,57
914,116736,18,57
915,116736,18,57
916,116736,15,57
917,118784,15,58
918,118784,6,58
919,118784,21,58
920,118784,4,58
921,118784,8,58
922,118784,19,58
923,118784,5,58
924,118784,16,58
925,118784,14,58
926,118784,14,58
927,118784,14,58
928,118784,9,58
929,118784,8,58
930,118784,11,58
931,120832,11,59
932,120832,11,59
933,120832,4,59
934,120832,3,59
935,120832,11,59
936,120832,12,59
937,120832,12,59
938,120832,9,59
939,120832,19,59
940,120832,19,59
941,120832,9,59
942,120832,6,59
943,120832,20,59
944,120832,9,59
945,120832,12,59
946,122880,13,60
947,122880,21,60
948,122880,16,60
949,122880,8,60
950,122880,17,60
951,122880,7,60
952,122880,7,60
953,122880,7,60
954,122880,13,60
955,122880,9,60
956,122880,17,60
957,122880,10,60
958,122880,17,60
959,124928,13,61
960,124928,8,61
961,124928,7,61
962,124928,7,61
963,124928,6,61
964,124928,15,61
965,124928,7,61
966,124928,19,61
967,124928,15,61
968,124928,16,61
969,124928,16,61
970,124928,16,61
971,124928,10,61
972,124928,13,61
973,124928,17,61
974,124928,3,61
975,126976,8,62
976,126976,22,62
977,126976,10,62
978,126976,5,62
979,126976,16,62
980,126976,15,62
981,126976,6,62
982,126976,12,62
983,126976,22,62
984,126976,3,62
985,126976,8,62
986,126976,8,62
987,126976,19,62
988,126976,6,62
989,126976,12,62
990,129024,27,63
991,129024,12,63
992,129024,13,63
993,129024,20,63
994,129024,23,63
995,129024,11,63
996,129024,4,63
997,129024,8,63
998,129024,22,63
999,129024,6,63
1000,131072,17,64
1001,131072,10,64
1002,131072,7,64
1003,131072,22,64
1004,131072,4,64
1005,131072,20,64
1006,131072,11,64
1007,131072,10,64
1008,131072,13,64
1009,131072,17,64
1010,131072,23,64
1011,131072,15,64
1012,133120,27,65
1013,133120,13,65
1014,133120,7,65
1015,133120,18,65
1016,133120,23,65
1017,133120,8,65
1018,133120,10,65
1019,133120,4,65
1020,133120,16,65
1021,133120,15,65
1022,133120,14,65
1023,133120,13,65
1024,133120,9,65
1025,135168,18,66
1026,135168,19,66
1027,135168,10,66
1028,135168,21,66
1029,135168,7,66
1030,135168,6,66
1031,135168,12,66
1032,135168,16,66
1033,135168,3,66
1034,135168,13,66
1035,135168,14,66
1036,135168,24,66
1037,135168,3,66
1038,135168,13,66
1039,135168,9,66
1040,135168,5,66
1041,137216,22,67
1042,137216,14,67
1043,137216,20,67
1044,137216,13,67
1045,137216,19,67
1046,137216,19,67
1047,137216,14,67
1048,137216,18,67
1049,137216,14,67
1050,137216,12,67
1051,137216,6,67
1052,139264,18,68
1053,139264,12,68
1054,139264,11,68
1055,139264,18,68
1056,139264,7,68
1057,139264,11,68
1058,139264,27,68
1059,139264,7,68
1060,139264,7,68
1061,139264,17,68
1062,139264,22,68
1063,139264,16,68
1064,139264,4,68
1065,139264,7,68
1066,141312,15,69
1067,141312,10,69
1068,141312,12,69
1069,141312,11,69
1070,141312,21,69
1071,141312,9,69
1072,141312,16,69
1073,141312,10,69
1074,141312,12,69
1075,141312,27,69
1076,141312,30,69
1077,143360,21,70
1078,143360,21,70
1079,143360,23,70
1080,143360,22,70
1081,143360,18,70
1082,143360,5,70
1083,143360,7,70
1084,143360,3,70
1085,143360,6,70
1086,143360,7,70
1087,143360,12,70
1088,143360,9,70
1089,143360,5,70
1090,143360,13,70
1091,143360,12,70
1092,145408,9,71
1093,145408,14,71
1094,145408,14,71
1095,145408,21,71
1096,145408,15,71
1097,145408,21,71
1098,145408,7,71
1099,145408,23,71
1100,145408,22,71
1101,145408,14,71
1102,147456,22,72
1103,147456,5,72
1104,147456,8,72
1105,147456,13,72
1106,147456,12,72
1107,147456,9,72
1108,147456,15,72
1109,147456,20,72
1110,147456,6,72
1111,147456,21,72
1112,147456,9,72
1113,147456,5,72
1114,147456,16,72
1115,147456,23,72
1116,149504,10,73
1117,149504,18,73
1118,149504,13,73
1119,149504,5,73
1120,149504,11,73
1121,149504,8,73
1122,149504,21,73
1123,149504,5,73
1124,149504,16,73
1125,149504,20,73
1126,149504,19,73
1127,149504,9,73
1128,149504,21,73
1129,151552,19,74
1130,151552,14,74
1131,151552,8,74
1132,151552,17,74
1133,151552,13,74
1134,151552,17,74
1135,151552,16,74
1136,151552,15,74
1137,151552,18,74
1138,151552,12,74
1139,151552,19,74
1140,153600,7,75
1141,153600,22,75
1142,153600,16,75
1143,153600,16,75
1144,153600,14,75
1145,153600,22,75
1146,153600,14,75
1147,153600,22,75
1148,153600,28,75
1149,155648,19,76
1150,155648,6,76
1151,155648,30,76
1152,155648,5,76
1153,155648,4,76
1154,155648,12,76
1155,155648,9,76
1156,155648,9,76
1157,155648,22,76
1158,155648,12,76
1159,155648,12,76
1160,157696,21,77
1161,157696,5,77
1162,157696,18,77
1163,157696,22,77
1164,157696,15,77
1165,157696,24,77
1166,157696,15,77
1167,157696,11,77
1168,157696,8,77
1169,157696,16,77
1170,157696,22,77
1171,159744,9,78
1172,159744,8,78
1173,159744,12,78
1174,159744,3,78
1175,159744,10,78
1176,159744,9,78
1177,159744,16,78
1178,159744,6,78
1179,159744,14,78
1180,159744,16,78
1181,159744,10,78
1182,159744,7,78
1183,159744,27,78
1184,159744,8,78
1185,161792,6,79
1186,161792,20,79
1187,161792,18,79
1188,161792,14,79
1189,161792,17,79
1190,161792,22,79
1191,161792,14,79
1192,161792,18,79
1193,161792,18,79
1194,161792,21,79
1195,161792,9,79
1196,163840,18,80
1197,163840,12,80
1198,163840,23,80
1199,163840,21,80
1200,163840,10,80
1201,163840,14,80
1202,163840,14,80
1203,163840,12,80
1204,163840,21,80
1205,165888,4,81
1206,165888,20,81
1207,165888,26,81
1208,165888,14,81
1209,165888,19,81
1210,165888,17,81
1211,165888,21,81
1212,165888,7,81
1213,165888,24,81
1214,165888,16,81
1215,165888,13,81
1216,165888,5,81
1217,167936,8,82
1218,167936,20,82
1219,167936,8,82
1220,167936,10,82
1221,167936,14,82
1222,167936,14,82
1223,167936,13,82
1224,167936,18,82
1225,167936,24,82
1226,167936,27,82
1227,167936,24,82
1228,169984,22,83
1229,169984,18,83
1230,169984,13,83
1231,169984,23,83
1232,169984,14,83
1233,169984,21,83
1234,169984,7,83
1235,169984,16,83
1236,169984,10,83
1237,169984,15,83
1238,172032,19,84
1239,172032,8,84
1240,172032,14,84
1241,172032,29,84
1242,172032,15,84
1243,172032,17,84
1244,172032,19,84
1245,172032,15,84
1246,172032,21,84
1247,172032,11,84
1248,174080,22,85
1249,174080,24,85
1250,174080,27,85
1251,174080,8,85
1252,174080,12,85
1253,174080,7,85
1254,174080,12,85
1255,174080,15,85
1256,174080,17,85
1257,174080,7,85
1258,176128,20,86
1259,176128,22,86
1260,176128,6,86
1261,176128,20,86
1262,176128,12,86
1263,176128,19,86
1264,176128,23,86
1265,176128,15,86
1266,176128,12,86
1267,176128,8,86
1268,176128,16,86
1269,178176,7,87
1270,178176,5,87
1271,178176,12,87
1272,178176,8,87
1273,178176,19,87
1274,178176,17,87
1275,178176,23,87
1276,178176,3,87
1277,178176,22,87
1278,178176,5,87
1279,178176,21,87
1280,178176,21,87
1281,178176,11,87
1282,180224,16,88
1283,180224,16,88
1284,180224,13,88
1285,180224,0,88
1286,180224,16,88
1287,180224,29,88
1288,180224,17,88
1289,180224,15,88
1290,180224,12,88
1291,180224,25,88
1292,182272,12,89
1293,182272,3,89
1294,182272,13,89
1295,182272,12,89
1296,182272,19,89
1297,182272,9,89
1298,182272,11,89
1299,182272,12,89
1300,182272,14,89
1301,182272,8,89
1302,182272,17,89
1303,182272,16,89
1304,182272,18,89
1305,184320,20,90
1306,184320,12,90
1307,184320,10,90
1308,184320,8,90
1309,184320,7,90
1310,184320,17,90
1311,184320,16,90
1312,184320,23,90
1313,184320,18,90
1314,184320,25,90
1315,184320,19,90
1316,186368,3,91
1317,186368,18,91
1318,186368,8,91
1319,186368,13,91
1320,186368,13,91
1321,186368,12,91
1322,186368,13,91
1323,186368,16,91
1324,186368,15,91
1325,186368,9,91
1326,186368,17,91
1327,186368,20,91
1328,188416,16,92
1329,188416,16,92
1330,188416,22,92
1331,188416,22,92
1332,188416,10,92
1333,188416,10,92
1334,188416,18,92
1335,188416,18,92
1336,188416,9,92
1337,188416,7,92
1338,188416,19,92
1339,190464,26,93
1340,190464,27,93
1341,190464,7,93
1342,190464,7,93
1343,190464,22,93
1344,190464,10,93
1345,190464,24,93
1346,190464,18,93
1347,190464,22,93
1348,192512,21,94
1349,192512,7,94
1350,192512,9,94
1351,192512,22,94
1352,192512,20,94
1353,192512,21,94
1354,192512,24,94
1355,192512,20,94
1356,192512,16,94
1357,192512,5,94
1358,194560,19,95
1359,194560,22,95
1360,194560,26,95
1361,194560,18,95
1362,194560,15,95
1363,194560,19,95
1364,194560,13,95
1365,194560,4,95
1366,194560,12,95
1367,194560,11,95
1368,196608,29,96
1369,196608,15,96
1370,196608,15,96
1371,196608,26,96
1372,196608,22,96
1373,196608,13,96
1374,196608,18,96
1375,196608,7,96
1376,198656,16,97
1377,198656,20,97
1378,198656,14,97
1379,198656,16,97
1380,198656,20,97
1381,198656,17,97
1382,198656,32,97
1383,198656,18,97
1384,200704,16,98
1385,200704,22,98
1386,200704,21,98
1387,200704,13,98
1388,200704,21,98
1389,200704,16,98
1390,200704,11,98
1391,200704,18,98
1392,200704,5,98
1393,200704,19,98
1394,202752,13,99
1395,202752,16,99
1396,202752,21,99
1397,202752,12,99
1398,202752,16,99
1399,202752,15,99
1400,202752,27,99
1401,202752,28,99
1402,202752,25,99
1403,202752,13,99
1404,204800,26,100
1405,204800,34,100
1406,204800,5,100
1407,204800,11,100
1408,204800,11,100
1409,204800,17,100
1410,204800,22,100
1411,204800,11,100
1412,204800,9,100
1413,204800,16,100
1414,204800,12,100
1415,204800,4,100
1416,206848,27,101
1417,206848,31,101
1418,206848,20,101
1419,206848,21,101
1420,206848,3,101
1421,206848,16,101
1422,206848,9,101
1423,206848,18,101
1424,208896,31,102
1425,208896,11,102
1426,208896,15,102
1427,208896,17,102
1428,208896,30,102
1429,208896,15,102
1430,208896,13,102
1431,208896,18,102
1432,210944,6,103
1433,210944,17,103
1434,210944,30,103
1435,210944,24,103
1436,210944,11,103
1437,210944,15,103
1438,210944,31,103
1439,210944,33,103
1440,210944,8,103
1441,212992,25,104
1442,212992,25,104
1443,212992,17,104
1444,212992,10,104
1445,212992,9,104
1446,212992,22,104
1447,212992,11,104
1448,212992,14,104
1449,212992,16,104
1450,215040,15,105
1451,215040,6,105
1452,215040,7,105
1453,215040,17,105
1454,215040,32,105
1455,215040,22,105
1456,215040,21,105
1457,215040,22,105
1458,215040,25,105
1459,215040,11,105
1460,217088,12,106
1461,217088,7,106
1462,217088,21,106
1463,217088,22,106
1464,217088,25,106
1465,217088,19,106
1466,217088,15,106
1467,217088,13,106
1468,217088,15,106
1469,217088,22,106
1470,219136,24,107
1471,219136,17,107
1472,219136,13,107
1473,219136,19,107
1474,219136,20,107
1475,219136,11,107
1476,219136,17,107
1477,219136,11,107
1478,219136,9,107
1479,219136,12,107
1480,219136,23,107
1481,221184,12,108
1482,221184,23,108
1483,221184,20,108
1484,221184,22,108
1485,221184,23,108
1486,221184,28,108
1487,221184,11,108
1488,221184,26,108
1489,221184,9,108
1490,223232,18,109
1491,223232,16,109
1492,223232,15,109
1493,223232,11,109
1494,223232,20,109
1495,223232,16,109
1496,223232,12,109
1497,223232,18,109
1498,223232,20,109
1499,223232,19,109
1500,223232,10,109
1501,223232,14,109
1502,225280,24,110
1503,225280,18,110
1504,225280,18,110
1505,225280,10,110
1506,225280,29,110
1507,225280,14,110
1508,225280,25,110
1509,225280,17,110
1510,225280,9,110
1511,225280,17,110
1512,227328,20,111
1513,227328,14,111
1514,227328,20,111
1515,227328,21,111
1516,227328,19,111
1517,227328,23,111
1518,227328,19,111
1519,227328,22,111
1520,227328,27,111
1521,229376,20,112
1522,229376,25,112
1523,229376,32,112
1524,229376,28,112
1525,229376,22,112
1526,229376,14,112
1527,229376,16,112
1528,231424,32,113
1529,231424,22,113
1530,231424,16,113
1531,231424,8,113
1532,231424,23,113
1533,231424,16,113
1534,231424,23,113
1535,231424,20,113
1536,231424,15,113
1537,233472,21,114
1538,233472,30,114
1539,233472,18,114
1540,233472,21,114
1541,233472,12,114
1542,233472,21,114
1543,233472,9,114
1544,233472,12,114
1545,233472,14,114
1546,233472,22,114
1547,235520,12,115
1548,235520,23,115
1549,235520,17,115
1550,235520,30,115
1551,235520,25,115
1552,235520,18,115
1553,235520,14,115
1554,235520,21,115
1555,235520,16,115
1556,237568,13,116
1557,237568,16,116
1558,237568,17,116
1559,237568,11,116
1560,237568,20,116
1561,237568,4,116
1562,237568,25,116
1563,237568,20,116
1564,237568,30,116
1565,237568,20,116
1566,239616,7,117
1567,239616,28,117
1568,239616,16,117
1569,239616,27,117
1570,239616,10,117
1571,239616,17,117
1572,239616,23,117
1573,239616,16,117
1574,239616,16,117
1575,239616,16,117
1576,241664,26,118
1577,241664,20,118
1578,241664,12,118
1579,241664,13,118
1580,241664,16,118
1581,241664,15,118
1582,241664,23,118
1583,241664,20,118
1584,241664,23,118
1585,243712,16,119
1586,243712,21,119
1587,243712,10,119
1588,243712,21,119
1589,243712,22,119
1590,243712,20,119
1591,243712,14,119
1592,243712,14,119
1593,243712,13,119
1594,243712,19,119
1595,245760,24,120
1596,245760,28,120
1597,245760,18,120
1598,245760,37,120
1599,245760,16,120
1600,245760,11,120
1601,245760,4,120
1602,245760,29,120
1603,245760,8,120
1604,247808,9,121
1605,247808,27,121
1606,247808,16,121
1607,247808,18,121
1608,247808,20,121
1609,247808,17,121
1610,247808,21,121
1611,247808,21,121
1612,247808,14,121
1613,247808,17,121
1614,249856,12,122
1615,249856,19,122
1616,249856,20,122
1617,249856,22,122
1618,249856,24,122
1619,249856,10,122
1620,249856,20,122
1621,249856,19,122
1622,249856,16,122
1623,249856,15,122
1624,251904,10,123
1625,251904,15,123
1626,251904,21,123
1627,251904,16,123
1628,251904,22,123
1629,251904,7,123
1630,251904,9,123
1631,251904,12,123
1632,251904,10,123
1633,251904,15,123
1634,251904,11,123
1635,251904,18,123
1636,253952,17,124
1637,253952,14,124
1638,253952,23,124
1639,253952,25,124
1640,253952,22,124
1641,253952,11,124
1642,253952,27,124
1643,253952,16,124
1644,253952,11,124
1645,256000,24,125
1646,256000,12,125
1647,256000,11,125
1648,256000,13,125
1649,256000,10,125
1650,256000,11,125
1651,256000,7,125
1652,256000,29,125
1653,256000,21,125
1654,256000,19,125
1655,258048,25,126
1656,258048,31,126
1657,258048,13,126
1658,258048,10,126
1659,258048,9,126
1660,258048,27,126
1661,258048,14,126
1662,258048,13,126
1663,258048,11,126
1664,258048,22,126
1665,258048,8,126
1666,260096,22,127
1667,260096,23,127
1668,260096,24,127
1669,260096,14,127
1670,260096,9,127
1671,260096,29,127
1672,260096,18,127
1673,260096,14,127
1674,260096,13,127
1675,260096,12,127
1676,262144,17,128
1677,262144,24,128
1678,262144,21,128
1679,262144,14,128
1680,262144,14,128
1681,262144,12,128
1682,262144,22,128
1683,262144,15,128
1684,262144,11,128
1685,262144,21,128
1686,264192,36,129
1687,264192,16,129
1688,264192,9,129
1689,264192,22,129
1690,264192,5,129
1691,264192,11,129
1692,264192,21,129
1693,264192,17,129
1694,264192,7,129
1695,264192,20,129
1696,266240,19,130
1697,266240,29,130
1698,266240,20,130
1699,266240,20,130
1700,266240,17,130
1701,266240,20,130
1702,266240,7,130
1703,266240,22,130
1704,268288,24,131
1705,268288,17,131
1706,268288,13,131
1707,268288,21,131
1708,268288,19,131
1709,268288,11,131
1710,268288,25,131
1711,268288,17,131
1712,268288,22,131
1713,270336,37,132
1714,270336,32,132
1715,270336,28,132
1716,270336,26,132
1717,270336,9,132
1718,270336,26,132
1719,272384,21,133
1720,272384,8,133
1721,272384,20,133
1722,272384,18,133
1723,272384,19,133
1724,272384,30,133
1725,272384,7,133
1726,272384,16,133
1727,272384,10,133
1728,272384,6,133
1729,274432,28,134
1730,274432,31,134
1731,274432,23,134
1732,274432,23,134
1733,274432,24,134
1734,274432,16,134
1735,274432,15,134
1736,276480,24,135
1737,276480,19,135
1738,276480,25,135
1739,276480,25,135
1740,276480,20,135
1741,276480,20,135
1742,276480,34,135
1743,278528,15,136
1744,278528,18,136
1745,278528,23,136
1746,278528,10,136
1747,278528,9,136
1748,278528,3,136
1749,278528,14,136
1750,278528,21,136
1751,278528,17,136
1752,278528,18,136
1753,278528,9,136
1754,278528,7,136
1755,278528,17,136
1756,280576,11,137
1757,280576,23,137
1758,280576,17,137
1759,280576,24,137
1760,280576,21,137
1761,280576,16,137
1762,280576,14,137
1763,280576,19,137
1764,280576,17,137
1765,282624,7,138
1766,282624,14,138
1767,282624,27,138
1768,282624,23,138
1769,282624,14,138
1770,282624,22,138
1771,282624,31,138
1772,282624,18,138
1773,282624,20,138
1774,284672,10,139
1775,284672,26,139
1776,284672,24,139
1777,284672,24,139
1778,284672,7,139
1779,284672,8,139
1780,284672,21,139
1781,284672,24,139
1782,284672,10,139
1783,286720,24,140
1784,286720,17,140
1785,286720,14,140
1786,286720,18,140
1787,286720,9,140
1788,286720,15,140
1789,286720,26,140
1790,286720,12,140
1791,286720,19,140
1792,286720,21,140
1793,288768,18,141
1794,288768,6,141
1795,288768,7,141
1796,288768,19,141
1797,288768,26,141
1798,288768,15,141
1799,288768,10,141
1800,288768,25,141
1801,288768,7,141
1802,288768,22,141
1803,290816,16,142
1804,290816,21,142
1805,290816,15,142
1806,290816,16,142
1807,290816,7,142
1808,290816,20,142
1809,290816,12,142
1810,290816,22,142
1811,290816,26,142
1812,292864,29,143
1813,292864,21,143
1814,292864,24,143
1815,292864,23,143
1816,292864,7,143
1817,292864,29,143
1818,292864,21,143
1819,292864,23,143
1820,294912,21,144
1821,294912,25,144
1822,294912,15,144
1823,294912,30,144
1824,294912,23,144
1825,294912,29,144
1826,294912,12,144
1827,296960,20,145
1828,296960,26,145
1829,296960,13,145
1830,296960,23,145
1831,296960,15,145
1832,296960,30,145
1833,296960,22,145
1834,296960,21,145
1835,299008,18,146
1836,299008,15,146
1837,299008,12,146
1838,299008,25,146
1839,299008,28,146
1840,299008,30,146
1841,299008,28,146
1842,301056,20,147
1843,301056,24,147
1844,301056,19,147
1845,301056,14,147
1846,301056,33,147
1847,301056,15,147
1848,301056,8,147
1849,301056,17,147
1850,301056,9,147
1851,303104,24,148
1852,303104,23,148
1853,303104,16,148
1854,303104,21,148
1855,303104,23,148
1856,303104,20,148
1857,303104,22,148
1858,303104,15,148
1859,303104,18,148
1860,305152,12,149
1861,305152,24,149
1862,305152,28,149
1863,305152,23,149
1864,305152,30,149
1865,305152,11,149
1866,305152,15,149
1867,305152,28,149
1868,305152,12,149
1869,307200,33,150
1870,307200,37,150
1871,307200,18,150
1872,307200,17,150
1873,307200,30,150
1874,307200,24,150
1875,309248,13,151
1876,309248,19,151
1877,309248,31,151
1878,309248,31,151
1879,309248,21,151
1880,309248,3,151
1881,309248,23,151
1882,309248,25,151
1883,311296,25,152
1884,311296,7,152
1885,311296,26,152
1886,311296,17,152
1887,311296,14,152
1888,311296,24,152
1889,311296,21,152
1890,311296,18,152
1891,313344,9,153
1892,313344,11,153
1893,313344,19,153
1894,313344,18,153
1895,313344,26,153
1896,313344,14,153
1897,313344,13,153
1898,313344,17,153
1899,313344,19,153
1900,313344,13,153
1901,313344,26,153
1902,315392,17,154
1903,315392,15,154
1904,315392,27,154
1905,315392,17,154
1906,315392,23,154
1907,315392,30,154
1908,315392,9,154
1909,315392,19,154
1910,315392,11,154
1911,315392,21,154
1912,317440,13,155
1913,317440,19,155
1914,317440,21,155
1915,317440,27,155
1916,317440,26,155
1917,317440,28,155
1918,317440,34,155
1919,319488,17,156
1920,319488,14,156
1921,319488,14,156
1922,319488,26,156
1923,319488,19,156
1924,319488,7,156
1925,319488,22,156
1926,319488,18,156
1927,319488,32,156
1928,321536,20,157
1929,321536,18,157
1930,321536,15,157
1931,321536,16,157
1932,321536,14,157
1933,321536,17,157
1934,321536,9,157
1935,321536,23,157
1936,321536,6,157
1937,321536,17,157
1938,321536,20,157
1939,321536,10,157
1940,323584,19,158
1941,323584,20,158
1942,323584,30,158
1943,323584,20,158
1944,323584,19,158
1945,323584,20,158
1946,323584,16,158
1947,323584,20,158
1948,325632,22,159
1949,325632,15,159
1950,325632,22,159
1951,325632,10,159
1952,325632,25,159
1953,325632,18,159
1954,325632,24,159
1955,325632,26,159
1956,325632,19,159
1957,327680,11,160
1958,327680,19,160
1959,327680,20,160
1960,327680,10,160
1961,327680,21,160
1962,327680,19,160
1963,327680,12,160
1964,327680,14,160
1965,327680,12,160
1966,327680,13,160
1967,327680,20,160
1968,329728,28,161
1969,329728,23,161
1970,329728,19,161
1971,329728,19,161
1972,329728,18,161
1973,329728,14,161
1974,329728,26,161
1975,329728,15,161
1976,331776,15,162
1977,331776,23,162
1978,331776,17,162
1979,331776,24,162
1980,331776,22,162
1981,331776,21,162
1982,331776,16,162
1983,331776,24,162
1984,331776,20,162
1985,333824,21,163
1986,333824,24,163
1987,333824,19,163
1988,333824,21,163
1989,333824,20,163
1990,333824,21,163
1991,333824,18,163
1992,333824,11,163
1993,335872,18,164
1994,335872,7,164
1995,335872,17,164
1996,335872,19,164
1997,335872,11,164
1998,335872,24,164
1999,335872,11,164
2000,335872,26,164
2001,335872,14,164
2002,335872,19,164
2003,335872,20,164
2004,337920,21,165
2005,337920,22,165
2006,337920,29,165
2007,337920,17,165
2008,337920,14,165
2009,337920,13,165
2010,337920,14,165
2011,337920,15,165
2012,337920,23,165
2013,339968,19,166
2014,339968,20,166
2015,339968,17,166
2016,339968,7,166
2017,339968,13,166
2018,339968,21,166
2019,339968,20,166
2020,339968,29,166
2021,339968,31,166
2022,342016,19,167
2023,342016,20,167
2024,342016,21,167
2025,342016,10,167
2026,342016,12,167
2027,342016,16,167
2028,342016,26,167
2029,342016,6,167
2030,342016,33,167
2031,342016,25,167
2032,344064,22,168
2033,344064,24,168
2034,344064,8,168
2035,344064,37,168
2036,344064,16,168
2037,344064,32,168
2038,344064,35,168
2039,346112,21,169
2040,346112,13,169
2041,346112,17,169
2042,346112,17,169
2043,346112,21,169
2044,346112,4,169
2045,346112,23,169
2046,346112,16,169
2047,346112,11,169
2048,346112,7,169
2049,346112,24,169
2050,346112,4,169
2051,348160,23,170
2052,348160,12,170
2053,348160,22,170
2054,348160,28,170
2055,348160,29,170
2056,348160,13,170
2057,348160,15,170
2058,348160,16,170
2059,348160,14,170
2060,350208,17,171
2061,350208,19,171
2062,350208,16,171
2063,350208,13,171
2064,350208,20,171
2065,350208,15,171
2066,350208,13,171
2067,350208,15,171
2068,350208,24,171
2069,350208,6,171
2070,350208,25,171
2071,352256,31,172
2072,352256,13,172
2073,352256,23,172
2074,352256,32,172
2075,352256,16,172
2076,352256,15,172
2077,352256,30,172
2078,352256,20,172
2079,354304,30,173
2080,354304,24,173
2081,354304,26,173
2082,354304,32,173
2083,354304,17,173
2084,354304,10,173
2085,354304,21,173
2086,354304,19,173
2087,354304,8,173
2088,356352,28,174
2089,356352,16,174
2090,356352,23,174
2091,356352,23,174
2092,356352,19,174
2093,356352,7,174
2094,356352,10,174
2095,356352,5,174
2096,356352,9,174
2097,356352,14,174
2098,356352,13,174
2099,356352,13,174
2100,358400,25,175
2101,358400,32,175
2102,358400,23,175
2103,358400,27,175
2104,358400,21,175
2105,358400,17,175
2106,358400,16,175
2107,360448,19,176
2108,360448,23,176
2109,360448,25,176
2110,360448,23,176
2111,360448,21,176
2112,360448,23,176
2113,360448,13,176
2114,360448,3,176
2115,360448,17,176
2116,360448,11,176
2117,362496,15,177
2118,362496,17,177
2119,362496,8,177
2120,362496,18,177
2121,362496,5,177
2122,362496,23,177
2123,362496,18,177
2124,362496,25,177
2125,362496,31,177
2126,362496,10,177
2127,364544,14,178
2128,364544,6,178
2129,364544,15,178
2130,364544,14,178
2131,364544,11,178
2132,364544,19,178
2133,364544,12,178
2134,364544,9,178
2135,364544,20,178
2136,364544,13,178
2137,364544,18,178
2138,364544,24,178
2139,364544,9,178
2140,366592,13,179
2141,366592,23,179
2142,366592,17,179
2143,366592,14,179
2144,366592,13,179
2145,366592,13,179
2146,366592,29,179
2147,366592,23,179
2148,366592,20,179
2149,366592,16,179
2150,368640,5,180
2151,368640,6,180
2152,368640,19,180
2153,368640,13,180
2154,368640,32,180
2155,368640,8,180
2156,368640,42,180
2157,368640,17,180
2158,368640,23,180
2159,370688,26,181
2160,370688,28,181
2161,370688,27,181
2162,370688,13,181
2163,370688,14,181
2164,370688,24,181
2165,370688,15,181
2166,370688,20,181
2167,372736,22,182
2168,372736,24,182
2169,372736,19,182
2170,372736,19,182
2171,372736,4,182
2172,372736,21,182
2173,372736,22,182
2174,372736,8,182
2175,372736,34,182
2176,374784,27,183
2177,374784,22,183
2178,374784,21,183
2179,374784,33,183
2180,374784,17,183
2181,374784,5,183
2182,374784,5,183
2183,374784,12,183
2184,374784,17,183
2185,374784,16,183
2186,376832,16,184
2187,376832,24,184
2188,376832,25,184
2189,376832,16,184
2190,376832,17,184
2191,376832,15,184
2192,376832,22,184
2193,376832,27,184
2194,376832,12,184
2195,376832,9,184
2196,378880,28,185
2197,378880,16,185
2198,378880,23,185
2199,378880,32,185
2200,378880,18,185
2201,378880,22,185
2202,378880,20,185
2203,380928,10,186
2204,380928,11,186
2205,380928,23,186
2206,380928,18,186
2207,380928,12,186
2208,380928,19,186
2209,380928,15,186
2210,380928,12,186
2211,380928,21,186
2212,380928,28,186
2213,382976,33,187
2214,382976,16,187
2215,382976,14,187
2216,382976,14,187
2217,382976,11,187
2218,382976,20,187
2219,382976,9,187
2220,382976,16,187
2221,382976,17,187
2222,382976,17,187
2223,385024,16,188
2224,385024,18,188
2225,385024,25,188
2226,385024,17,188
2227,385024,24,188
2228,385024,18,188
2229,385024,20,188
2230,385024,15,188
2231,385024,10,188
2232,385024,18,188
2233,387072,13,189
2234,387072,21,189
2235,387072,15,189
2236,387072,21,189
2237,387072,29,189
2238,387072,26,189
2239,387072,13,189
2240,387072,16,189
2241,387072,10,189
2242,389120,5,190
2243,389120,29,190
2244,389120,20,190
2245,389120,29,190
2246,389120,22,190
2247,389120,11,190
2248,389120,26,190
2249,389120,15,190
2250,389120,22,190
2251,391168,21,191
2252,391168,16,191
2253,391168,17,191
2254,391168,23,191
2255,391168,14,191
2256,391168,17,191
2257,391168,22,191
2258,391168,11,191
2259,391168,8,191
2260,391168,8,191
2261,391168,19,191
2262,393216,11,192
2263,393216,17,192
2264,393216,18,192
2265,393216,18,192
2266,393216,29,192
2267,393216,23,192
2268,393216,17,192
2269,393216,16,192
2270,393216,20,192
2271,395264,8,193
2272,395264,16,193
2273,395264,11,193
2274,395264,11,193
2275,395264,18,193
2276,395264,17,193
2277,395264,11,193
2278,395264,23,193
2279,395264,17,193
2280,395264,13,193
2281,395264,16,193
2282,397312,24,194
2283,397312,23,194
2284,397312,14,194
2285,397312,18,194
2286,397312,14,194
2287,397312,27,194
2288,397312,16,194
2289,397312,28,194
2290,399360,19,195
2291,399360,27,195
2292,399360,14,195
2293,399360,19,195
2294,399360,9,195
2295,399360,10,195
2296,399360,22,195
2297,399360,10,195
2298,399360,10,195
2299,399360,16,195
2300,399360,12,195
2301,401408,7,196
2302,401408,16,196
2303,401408,11,196
2304,401408,12,196
2305,401408,12,196
2306,401408,11,196
2307,401408,20,196
2308,401408,26,196
2309,401408,21,196
2310,401408,13,196
2311,401408,12,196
2312,401408,9,196
2313,403456,27,197
2314,403456,22,197
2315,403456,13,197
2316,403456,23,197
2317,403456,27,197
2318,403456,21,197
2319,403456,21,197
2320,403456,8,197
2321,405504,31,198
2322,405504,15,198
2323,405504,25,198
2324,405504,7,198
2325,405504,34,198
2326,405504,14,198
2327,405504,5,198
2328,405504,11,198
2329,405504,22,198
2330,407552,9,199
2331,407552,19,199
2332,407552,13,199
2333,407552,13,199
2334,407552,21,199
2335,407552,13,199
2336,407552,14,199
2337,407552,25,199
2338,407552,6,199
2339,407552,17,199
2340,407552,17,199
2341,409600,29,200
2342,409600,23,200
2343,409600,28,200
2344,409600,22,200
2345,409600,23,200
2346,409600,31,200
2347,409600,16,200
2348,411648,7,201
2349,411648,17,201
2350,411648,15,201
2351,411648,24,201
2352,411648,21,201
2353,411648,21,201
2354,411648,23,201
2355,411648,12,201
2356,411648,17,201
2357,411648,22,201
2358,413696,11,202
2359,413696,6,202
2360,413696,21,202
2361,413696,9,202
2362,413696,29,202
2363,413696,20,202
2364,413696,18,202
2365,413696,11,202
2366,413696,19,202
2367,413696,17,202
2368,415744,20,203
2369,415744,32,203
2370,415744,14,203
2371,415744,21,203
2372,415744,7,203
2373,415744,22,203
2374,415744,13,203
2375,415744,23,203
2376,415744,15,203
2377,417792,8,204
2378,417792,10,204
2379,417792,20,204
2380,417792,21,204
2381,417792,18,204
2382,417792,17,204
2383,417792,22,204
2384,417792,17,204
2385,417792,13,204
2386,417792,12,204
2387,417792,19,204
2388,419840,29,205
2389,419840,21,205
2390,419840,12,205
2391,419840,15,205
2392,419840,18,205
2393,419840,7,205
2394,419840,17,205
2395,419840,14,205
2396,419840,27,205
2397,421888,8,206
2398,421888,18,206
2399,421888,28,206
2400,421888,16,206
2401,421888,32,206
2402,421888,8,206
2403,421888,7,206
2404,421888,30,206
2405,421888,26,206
2406,423936,18,207
2407,423936,28,207
2408,423936,21,207
2409,423936,12,207
2410,423936,15,207
2411,423936,20,207
2412,423936,32,207
2413,423936,24,207
2414,425984,23,208
2415,425984,24,208
2416,425984,35,208
2417,425984,10,208
2418,425984,19,208
2419,425984,14,208
2420,425984,26,208
2421,425984,16,208
2422,425984,18,208
2423,428032,12,209
2424,428032,29,209
2425,428032,14,209
2426,428032,20,209
2427,428032,7,209
2428,428032,24,209
2429,428032,17,209
2430,428032,14,209
2431,428032,20,209
2432,428032,17,209
2433,430080,17,210
2434,430080,20,210
2435,430080,22,210
2436,430080,28,210
2437,430080,22,210
2438,430080,13,210
2439,430080,12,210
2440,430080,12,210
2441,430080,14,210
2442,430080,8,210
2443,430080,17,210
2444,432128,14,211
2445,432128,31,211
2446,432128,25,211
2447,432128,16,211
2448,432128,21,211
2449,432128,12,211
2450,432128,24,211
2451,432128,18,211
2452,434176,20,212
2453,434176,20,212
2454,434176,24,212
2455,434176,8,212
2456,434176,24,212
2457,434176,11,212
2458,434176,35,212
2459,434176,27,212
2460,434176,12,212
2461,436224,33,213
2462,436224,33,213
2463,436224,18,213
2464,436224,31,213
2465,436224,15,213
2466,436224,28,213
2467,436224,11,213
2468,436224,6,213
2469,438272,20,214
2470,438272,17,214
2471,438272,23,214
2472,438272,21,214
2473,438272,12,214
2474,438272,16,214
2475,438272,16,214
2476,438272,9,214
2477,438272,19,214
2478,438272,8,214
2479,440320,14,215
2480,440320,25,215
2481,440320,27,215
2482,440320,21,215
2483,440320,21,215
2484,440320,22,215
2485,440320,21,215
2486,442368,12,216
2487,442368,20,216
2488,442368,28,216
2489,442368,26,216
2490,442368,28,216
2491,442368,25,216
2492,442368,26,216
2493,444416,34,217
2494,444416,31,217
2495,444416,14,217
2496,444416,22,217
2497,444416,11,217
2498,444416,13,217
2499,444416,20,217
2500,444416,19,217
2501,446464,31,218
2502,446464,21,218
2503,446464,15,218
2504,446464,23,218
2505,446464,22,218
2506,446464,27,218
2507,446464,26,218
2508,448512,22,219
2509,448512,11,219
2510,448512,13,219
2511,448512,10,219
2512,448512,13,219
2513,448512,19,219
2514,448512,21,219
2515,448512,21,219
2516,448512,22,219
2517,448512,21,219
2518,450560,13,220
2519,450560,24,220
2520,450560,33,220
2521,450560,14,220
2522,450560,29,220
2523,450560,21,220
2524,450560,22,220
2525,450560,13,220
2526,452608,34,221
2527,452608,22,221
2528,452608,28,221
2529,452608,22,221
2530,452608,13,221
2531,452608,28,221
2532,452608,23,221
2533,454656,20,222
2534,454656,16,222
2535,454656,18,222
2536,454656,30,222
2537,454656,10,222
2538,454656,18,222
2539,454656,21,222
2540,454656,27,222
2541,454656,19,222
2542,456704,19,223
2543,456704,10,223
2544,456704,21,223
2545,456704,28,223
2546,456704,27,223
2547,456704,25,223
2548,456704,7,223
2549,456704,22,223
2550,458752,15,224
2551,458752,17,224
2552,458752,28,224
2553,458752,17,224
2554,458752,36,224
2555,458752,20,224
2556,458752,18,224
2557,458752,12,224
2558,460800,17,225
2559,460800,16,225
2560,460800,11,225
2561,460800,33,225
2562,460800,11,225
2563,460800,30,225
2564,460800,15,225
2565,460800,29,225
2566,462848,37,226
2567,462848,16,226
2568,462848,8,226
2569,462848,13,226
2570,462848,24,226
2571,462848,18,226
2572,462848,28,226
2573,462848,15,226
2574,464896,27,227
2575,464896,28,227
2576,464896,19,227
2577,464896,10,227
2578,464896,9,227
2579,464896,20,227
2580,464896,12,227
2581,464896,24,227
2582,464896,11,227
2583,464896,27,227
2584,466944,26,228
2585,466944,14,228
2586,466944,21,228
2587,466944,14,228
2588,466944,22,228
2589,466944,20,228
2590,466944,18,228
2591,466944,25,228
2592,468992,16,229
2593,468992,34,229
2594,468992,19,229
2595,468992,24,229
2596,468992,28,229
2597,468992,20,229
2598,468992,22,229
2599,471040,11,230
2600,471040,17,230
2601,471040,29,230
2602,471040,10,230
2603,471040,27,230
2604,471040,31,230
2605,471040,24,230
2606,471040,7,230
2607,473088,21,231
2608,473088,19,231
2609,473088,11,231
2610,473088,19,231
2611,473088,16,231
2612,473088,38,231
2613,473088,27,231
2614,473088,18,231
2615,475136,21,232
2616,475136,10,232
2617,475136,11,232
2618,475136,23,232
2619,475136,14,232
2620,475136,34,232
2621,475136,17,232
2622,475136,22,232
2623,475136,25,232
2624,477184,17,233
2625,477184,23,233
2626,477184,13,233
2627,477184,28,233
2628,477184,34,233
2629,477184,26,233
2630,477184,19,233
2631,479232,13,234
2632,479232,24,234
2633,479232,28,234
2634,479232,18,234
2635,479232,30,234
2636,479232,28,234
2637,479232,23,234
2638,479232,14,234
2639,481280,30,235
2640,481280,16,235
2641,481280,20,235
2642,481280,22,235
2643,481280,25,235
2644,481280,27,235
2645,481280,5,235
2646,483328,20,236
2647,483328,28,236
2648,483328,26,236
2649,483328,21,236
2650,483328,18,236
2651,483328,23,236
2652,483328,27,236
2653,483328,4,236
2654,485376,29,237
2655,485376,23,237
2656,485376,8,237
2657,485376,20,237
2658,485376,29,237
2659,485376,17,237
2660,485376,21,237
2661,485376,14,237
2662,485376,18,237
2663,487424,13,238
2664,487424,26,238
2665,487424,27,238
2666,487424,17,238
2667,487424,25,238
2668,487424,14,238
2669,487424,32,238
2670,487424,16,238
2671,489472,17,239
2672,489472,9,239
2673,489472,11,239
2674,489472,30,239
2675,489472,30,239
2676,489472,32,239
2677,489472,28,239
2678,491520,13,240
2679,491520,24,240
2680,491520,29,240
2681,491520,17,240
2682,491520,31,240
2683,491520,21,240
2684,491520,21,240
2685,491520,13,240
2686,493568,20,241
2687,493568,15,241
2688,493568,25,241
2689,493568,26,241
2690,493568,21,241
2691,493568,18,241
2692,493568,19,241
2693,493568,25,241
2694,495616,10,242
2695,495616,29,242
2696,495616,18,242
2697,495616,36,242
2698,495616,13,242
2699,495616,18,242
2700,495616,30,242
2701,495616,19,242
2702,497664,22,243
2703,497664,28,243
2704,497664,14,243
2705,497664,18,243
2706,497664,32,243
2707,497664,20,243
2708,497664,20,243
2709,497664,7,243
2710,499712,22,244
2711,499712,23,244
2712,499712,21,244
2713,499712,18,244
2714,499712,21,244
2715,499712,31,244
2716,499712,16,244
2717,499712,7,244
2718,499712,32,244
2719,501760,16,245
2720,501760,22,245
2721,501760,18,245
2722,501760,31,245
2723,501760,22,245
2724,501760,28,245
2725,501760,37,245
