episode,env_steps_total,episode_reward,score,survival_steps,epsilon,loss_mean,terminated,truncated,death_reason,fruit_reward_sum,distance_shaping_reward_sum,death_penalty_sum,planner_intervention_count,all_actions_unsafe_count
0,595,43.0,3,595,0.943331,0.0,True,False,body,30.0,23.0,-10.0,80,1
1,2595,93.0,5,2000,0.921275,0.0,False,True,timeout,50.0,43.0,0.0,263,0
2,4595,55.0,3,2000,0.899763,0.0,False,True,timeout,30.0,25.0,0.0,104,0
3,5152,43.0,3,557,0.893867,0.0,True,False,body,30.0,23.0,-10.0,48,1
4,7152,86.0,4,2000,0.873032,0.0,False,True,timeout,40.0,46.0,0.0,149,0
5,7817,35.0,3,665,0.866219,0.0,True,False,body,30.0,15.0,-10.0,45,1
6,9817,42.0,2,2000,0.846066,0.0,False,True,timeout,20.0,22.0,0.0,87,0
7,11333,251.0,14,1516,0.831123,0.1469,True,False,body,140.0,121.0,-10.0,99,1
8,12408,222.0,12,1075,0.820697,0.1008,True,False,body,120.0,112.0,-10.0,77,1
9,12625,40.0,4,217,0.818609,0.1041,True,False,body,40.0,10.0,-10.0,12,1
10,13292,185.0,9,667,0.812227,0.1154,True,False,body,90.0,105.0,-10.0,32,1
11,14220,229.0,12,928,0.803437,0.1262,True,False,body,120.0,119.0,-10.0,67,1
12,14631,71.0,5,411,0.799576,0.1149,True,False,body,50.0,31.0,-10.0,23,1
13,15585,242.0,13,954,0.79069,0.1254,True,False,body,130.0,122.0,-10.0,95,1
14,16078,122.0,8,493,0.78614,0.1199,True,False,body,80.0,52.0,-10.0,24,1
15,17138,329.0,18,1060,0.77645,0.1225,True,False,body,180.0,159.0,-10.0,106,1
16,17231,68.0,4,93,0.775606,0.1488,True,False,wall,40.0,38.0,-10.0,0,1
17,17886,70.0,4,655,0.769689,0.1494,True,False,wall,40.0,40.0,-10.0,30,1
18,18338,178.0,11,452,0.765635,0.1416,True,False,body,110.0,78.0,-10.0,29,1
19,18842,187.0,10,504,0.76114,0.1229,True,False,body,100.0,97.0,-10.0,25,1
20,19202,150.0,7,360,0.757947,0.1331,True,False,body,70.0,90.0,-10.0,18,1
21,19635,116.0,6,433,0.754126,0.1387,True,False,body,60.0,66.0,-10.0,39,1
22,19968,189.0,11,333,0.751201,0.1369,True,False,body,110.0,89.0,-10.0,26,1
23,20200,92.0,5,232,0.749171,0.156,True,False,body,50.0,52.0,-10.0,6,1
24,20839,233.0,11,639,0.743608,0.1222,True,False,body,110.0,133.0,-10.0,44,1
25,21256,161.0,7,417,0.740002,0.14,True,False,body,70.0,101.0,-10.0,30,1
26,21787,266.0,16,531,0.735437,0.134,True,False,body,160.0,116.0,-10.0,47,1
27,22184,160.0,8,397,0.732044,0.132,True,False,body,80.0,90.0,-10.0,18,1
28,22601,238.0,12,417,0.728498,0.1094,True,False,body,120.0,128.0,-10.0,9,1
29,22884,132.0,8,283,0.726103,0.1195,True,False,body,80.0,62.0,-10.0,20,1
30,23319,121.0,7,435,0.722436,0.1506,True,False,body,70.0,61.0,-10.0,19,1
31,23740,220.0,12,421,0.718907,0.1521,True,False,body,120.0,110.0,-10.0,21,1
32,24135,176.0,10,395,0.715612,0.1485,True,False,body,100.0,86.0,-10.0,24,1
33,24794,310.0,16,659,0.710152,0.1456,True,False,body,160.0,160.0,-10.0,53,1
34,25091,145.0,9,297,0.707706,0.1541,True,False,body,90.0,65.0,-10.0,18,1
35,25437,170.0,9,346,0.704867,0.1669,True,False,body,90.0,90.0,-10.0,18,1
36,26072,215.0,11,635,0.69969,0.154,True,False,body,110.0,115.0,-10.0,30,1
37,26377,151.0,9,305,0.697217,0.156,True,False,body,90.0,71.0,-10.0,21,1
38,26802,227.0,13,425,0.693788,0.1591,True,False,body,130.0,107.0,-10.0,28,1
39,27207,101.0,5,405,0.690537,0.1717,True,False,body,50.0,61.0,-10.0,21,1
40,27641,259.0,14,434,0.687072,0.1608,True,False,body,140.0,129.0,-10.0,35,1
41,27899,167.0,10,258,0.68502,0.1492,True,False,body,100.0,77.0,-10.0,10,1
42,28198,172.0,10,299,0.682652,0.1874,True,False,body,100.0,82.0,-10.0,24,1
43,28602,231.0,14,404,0.679465,0.1701,True,False,body,140.0,101.0,-10.0,27,1
44,28824,150.0,9,222,0.67772,0.1703,True,False,body,90.0,70.0,-10.0,5,1
45,29178,212.0,11,354,0.674949,0.1958,True,False,body,110.0,112.0,-10.0,28,1
46,29608,148.0,9,430,0.671599,0.1764,True,False,body,90.0,68.0,-10.0,24,1
47,29959,186.0,10,351,0.668877,0.165,True,False,body,100.0,96.0,-10.0,17,1
48,30166,88.0,4,207,0.667278,0.2242,True,False,body,40.0,58.0,-10.0,3,1
49,30504,191.0,12,338,0.664676,0.1876,True,False,body,120.0,81.0,-10.0,22,1
50,31079,247.0,13,575,0.660274,0.1906,True,False,body,130.0,127.0,-10.0,48,1
51,31303,126.0,7,224,0.658567,0.1927,True,False,body,70.0,66.0,-10.0,6,1
52,31674,234.0,12,371,0.655751,0.1817,True,False,body,120.0,124.0,-10.0,32,1
53,31855,133.0,9,181,0.654382,0.1828,True,False,body,90.0,53.0,-10.0,6,1
54,32540,242.0,12,685,0.64923,0.1911,True,False,body,120.0,132.0,-10.0,92,1
55,32921,191.0,11,381,0.646383,0.1836,True,False,body,110.0,91.0,-10.0,17,1
56,33530,341.0,19,609,0.64186,0.1926,True,False,body,190.0,161.0,-10.0,31,1
57,33782,153.0,10,252,0.639998,0.1821,True,False,body,100.0,63.0,-10.0,11,1
58,34129,223.0,13,347,0.637445,0.1984,True,False,body,130.0,103.0,-10.0,20,1
59,34547,161.0,10,418,0.634383,0.1868,True,False,body,100.0,71.0,-10.0,41,1
60,34871,161.0,8,324,0.632021,0.1782,True,False,body,80.0,91.0,-10.0,20,1
61,35258,205.0,11,387,0.629213,0.1898,True,False,body,110.0,105.0,-10.0,20,1
62,35545,162.0,10,287,0.627138,0.188,True,False,body,100.0,72.0,-10.0,10,1
63,35928,228.0,12,383,0.624382,0.1674,True,False,body,120.0,118.0,-10.0,16,1
64,36103,33.0,3,175,0.623127,0.2109,True,False,wall,30.0,13.0,-10.0,6,1
65,36501,242.0,11,398,0.620283,0.1946,True,False,body,110.0,142.0,-10.0,21,1
66,36961,222.0,11,460,0.617013,0.1811,True,False,body,110.0,122.0,-10.0,16,1
67,37274,185.0,9,313,0.614799,0.2125,True,False,wall,90.0,105.0,-10.0,11,1
68,37477,107.0,7,203,0.613368,0.1901,True,False,body,70.0,47.0,-10.0,4,1
69,37875,190.0,9,398,0.610572,0.1929,True,False,body,90.0,110.0,-10.0,25,1
70,38214,189.0,11,339,0.608201,0.2046,True,False,body,110.0,89.0,-10.0,14,1
71,38369,130.0,8,155,0.607121,0.2088,True,False,body,80.0,60.0,-10.0,1,1
72,38933,260.0,13,564,0.603207,0.2036,True,False,body,130.0,140.0,-10.0,33,1
73,39298,220.0,12,365,0.600689,0.2117,True,False,body,120.0,110.0,-10.0,15,1
74,39650,192.0,11,352,0.598271,0.1973,True,False,body,110.0,92.0,-10.0,19,1
75,39879,83.0,5,229,0.596704,0.1931,True,False,body,50.0,43.0,-10.0,8,1
76,40506,364.0,20,627,0.592436,0.217,True,False,body,200.0,174.0,-10.0,26,1
77,40914,250.0,13,408,0.589676,0.2161,True,False,body,130.0,130.0,-10.0,21,1
78,41268,187.0,10,354,0.587294,0.2166,True,False,body,100.0,97.0,-10.0,11,1
79,41466,136.0,9,198,0.585965,0.2212,True,False,body,90.0,56.0,-10.0,9,1
80,41801,216.0,10,335,0.583726,0.2147,True,False,body,100.0,126.0,-10.0,9,1
81,42184,241.0,13,383,0.581177,0.2325,True,False,body,130.0,121.0,-10.0,18,1
82,42514,160.0,9,330,0.57899,0.2411,True,False,body,90.0,80.0,-10.0,11,1
83,42869,219.0,11,355,0.576648,0.2376,True,False,body,110.0,119.0,-10.0,17,1
84,43525,295.0,16,656,0.572347,0.237,True,False,body,160.0,145.0,-10.0,35,1
85,44045,369.0,18,520,0.568963,0.2448,True,False,body,180.0,199.0,-10.0,15,1
86,44282,115.0,7,237,0.567428,0.2339,True,False,body,70.0,55.0,-10.0,6,1
87,44632,216.0,11,350,0.565169,0.2338,True,False,body,110.0,116.0,-10.0,6,1
88,44790,158.0,9,158,0.564152,0.2292,True,False,body,90.0,78.0,-10.0,4,1
89,45142,245.0,14,352,0.561895,0.2433,True,False,body,140.0,115.0,-10.0,10,1
90,45544,305.0,16,402,0.559329,0.2494,True,False,body,160.0,155.0,-10.0,16,1
91,45911,186.0,10,367,0.556998,0.2538,True,False,wall,100.0,96.0,-10.0,10,1
92,46101,128.0,7,190,0.555795,0.2618,True,False,body,70.0,68.0,-10.0,6,1
93,46515,232.0,13,414,0.553185,0.2464,True,False,body,130.0,112.0,-10.0,27,1
94,46928,304.0,18,413,0.550594,0.2352,True,False,body,180.0,134.0,-10.0,10,1
95,47278,230.0,11,350,0.548408,0.2586,True,False,body,110.0,130.0,-10.0,13,1
96,47386,140.0,9,108,0.547736,0.2439,True,False,body,90.0,60.0,-10.0,3,1
97,47670,274.0,17,284,0.545972,0.2495,True,False,body,170.0,114.0,-10.0,13,1
98,47745,45.0,3,75,0.545507,0.2588,True,False,body,30.0,25.0,-10.0,0,1
99,48304,344.0,18,559,0.542057,0.2522,True,False,body,180.0,174.0,-10.0,26,1
100,48685,272.0,14,381,0.539719,0.248,True,False,wall,140.0,142.0,-10.0,10,1
101,48883,130.0,7,198,0.538509,0.2512,True,False,wall,70.0,70.0,-10.0,8,1
102,49230,287.0,15,347,0.536394,0.2695,True,False,body,150.0,147.0,-10.0,10,1
103,49351,120.0,8,121,0.535659,0.2672,True,False,body,80.0,50.0,-10.0,1,1
104,49758,322.0,18,407,0.533195,0.25,True,False,body,180.0,152.0,-10.0,18,1
105,50051,211.0,11,293,0.531428,0.2522,True,False,body,110.0,111.0,-10.0,8,1
106,50544,396.0,20,493,0.528471,0.2711,True,False,body,200.0,206.0,-10.0,17,1
107,51047,307.0,19,503,0.525472,0.254,True,False,body,190.0,127.0,-10.0,26,1
108,51495,310.0,15,448,0.522816,0.2617,True,False,body,150.0,170.0,-10.0,15,1
109,51640,93.0,5,145,0.52196,0.2484,True,False,wall,50.0,53.0,-10.0,3,1
110,51992,296.0,19,352,0.519888,0.2449,True,False,wall,190.0,116.0,-10.0,21,1
111,52283,205.0,11,291,0.518182,0.2503,True,False,body,110.0,105.0,-10.0,10,1
112,52648,233.0,13,365,0.516051,0.2354,True,False,body,130.0,113.0,-10.0,17,1
113,53003,358.0,20,355,0.513987,0.2371,True,False,body,200.0,168.0,-10.0,15,1
114,53446,254.0,12,443,0.511425,0.2389,True,False,body,120.0,144.0,-10.0,24,1
115,53761,254.0,16,315,0.509612,0.2404,True,False,body,160.0,104.0,-10.0,20,1
116,54229,353.0,18,468,0.506931,0.2431,True,False,body,180.0,183.0,-10.0,18,1
117,54703,388.0,21,474,0.504232,0.232,True,False,body,210.0,188.0,-10.0,16,1
118,55059,298.0,15,356,0.502215,0.2289,True,False,body,150.0,158.0,-10.0,16,1
119,55247,164.0,9,188,0.501153,0.2683,True,False,wall,90.0,84.0,-10.0,5,1
120,55638,331.0,17,391,0.498954,0.2393,True,False,body,170.0,171.0,-10.0,13,1
121,55971,207.0,11,333,0.497089,0.2323,True,False,body,110.0,107.0,-10.0,16,1
122,56084,115.0,7,113,0.496458,0.2564,True,False,wall,70.0,55.0,-10.0,1,1
123,56477,324.0,16,393,0.49427,0.2349,True,False,body,160.0,174.0,-10.0,11,1
124,56641,137.0,10,164,0.49336,0.2286,True,False,body,100.0,47.0,-10.0,8,1
125,57006,285.0,15,365,0.491342,0.2333,True,False,body,150.0,145.0,-10.0,9,1
126,57341,236.0,12,335,0.489498,0.2645,True,False,body,120.0,126.0,-10.0,19,1
127,57695,294.0,17,354,0.487557,0.2706,True,False,body,170.0,134.0,-10.0,10,1
128,58088,316.0,18,393,0.485413,0.2661,True,False,wall,180.0,146.0,-10.0,18,1
129,58203,90.0,6,115,0.484787,0.2758,True,False,wall,60.0,40.0,-10.0,5,1
130,58491,243.0,12,288,0.483225,0.268,True,False,body,120.0,133.0,-10.0,15,1
131,59019,421.0,24,528,0.480375,0.2632,True,False,body,240.0,191.0,-10.0,29,1
132,59230,178.0,10,211,0.479242,0.2861,True,False,body,100.0,88.0,-10.0,7,1
133,59633,333.0,17,403,0.477085,0.275,True,False,body,170.0,173.0,-10.0,9,1
134,60137,340.0,17,504,0.474402,0.2764,True,False,body,170.0,180.0,-10.0,26,1
135,60657,410.0,23,520,0.471653,0.2717,True,False,wall,230.0,190.0,-10.0,25,1
136,60806,139.0,7,149,0.470868,0.2656,True,False,body,70.0,79.0,-10.0,7,1
137,61329,394.0,20,523,0.468126,0.2748,True,False,body,200.0,204.0,-10.0,30,1
138,61534,179.0,9,205,0.467056,0.2767,True,False,body,90.0,99.0,-10.0,7,1
139,61690,133.0,8,156,0.466243,0.2584,True,False,body,80.0,63.0,-10.0,2,1
140,62077,312.0,16,387,0.464235,0.2717,True,False,body,160.0,162.0,-10.0,14,1
141,62533,347.0,20,456,0.46188,0.2803,True,False,body,200.0,157.0,-10.0,19,1
142,62760,195.0,9,227,0.460713,0.2679,True,False,body,90.0,115.0,-10.0,6,1
143,62969,175.0,11,209,0.459641,0.2961,True,False,body,110.0,75.0,-10.0,7,1
144,63259,273.0,14,290,0.458159,0.3009,True,False,body,140.0,143.0,-10.0,1,1
145,63466,201.0,11,207,0.457104,0.3002,True,False,body,110.0,101.0,-10.0,8,1
146,63932,450.0,25,466,0.45474,0.2675,True,False,body,250.0,210.0,-10.0,26,1
147,64343,290.0,16,411,0.452666,0.2552,True,False,body,160.0,140.0,-10.0,17,1
148,64623,222.0,11,280,0.451259,0.2453,True,False,body,110.0,122.0,-10.0,6,1
149,64890,229.0,13,267,0.449922,0.2319,True,False,body,130.0,109.0,-10.0,12,1
150,65002,106.0,7,112,0.449363,0.2507,True,False,body,70.0,46.0,-10.0,1,1
151,65544,435.0,24,542,0.446666,0.2695,True,False,body,240.0,205.0,-10.0,15,1
152,66012,375.0,20,468,0.444352,0.2663,True,False,body,200.0,185.0,-10.0,24,1
153,66388,307.0,16,376,0.442503,0.2913,True,False,body,160.0,157.0,-10.0,14,1
154,66869,448.0,22,481,0.44015,0.2833,True,False,body,220.0,238.0,-10.0,23,1
155,67181,271.0,14,312,0.438632,0.2714,True,False,wall,140.0,141.0,-10.0,6,1
156,67383,177.0,10,202,0.437652,0.2651,True,False,body,100.0,87.0,-10.0,7,1
157,67756,303.0,15,373,0.435848,0.2624,True,False,body,150.0,163.0,-10.0,16,1
158,67881,117.0,7,125,0.435246,0.2591,True,False,body,70.0,57.0,-10.0,5,1
159,68212,319.0,17,331,0.433655,0.2594,True,False,body,170.0,159.0,-10.0,12,1
160,68467,238.0,14,255,0.432434,0.258,True,False,body,140.0,108.0,-10.0,9,1
161,68940,454.0,26,473,0.43018,0.2678,True,False,body,260.0,204.0,-10.0,16,1
162,69343,399.0,21,403,0.42827,0.2579,True,False,body,210.0,199.0,-10.0,11,1
163,69555,201.0,12,212,0.427269,0.2635,True,False,body,120.0,91.0,-10.0,6,1
164,70018,351.0,19,463,0.425091,0.2544,True,False,body,190.0,171.0,-10.0,25,1
165,70377,295.0,15,359,0.423412,0.2457,True,False,body,150.0,155.0,-10.0,11,1
166,70512,135.0,7,135,0.422782,0.2512,True,False,body,70.0,75.0,-10.0,2,1
167,70713,171.0,11,201,0.421847,0.2535,True,False,body,110.0,71.0,-10.0,6,1
168,70840,119.0,7,127,0.421257,0.2359,True,False,body,70.0,59.0,-10.0,4,1
169,71208,333.0,20,368,0.419553,0.2453,True,False,body,200.0,143.0,-10.0,14,1
170,71509,314.0,16,301,0.418165,0.2458,True,False,wall,160.0,164.0,-10.0,21,1
171,71893,342.0,19,384,0.416402,0.2396,True,False,body,190.0,162.0,-10.0,16,1
172,72058,144.0,8,165,0.415648,0.25,True,False,body,80.0,74.0,-10.0,5,1
173,72226,175.0,10,168,0.41488,0.2606,True,False,body,100.0,85.0,-10.0,4,1
174,72488,246.0,13,262,0.413687,0.2457,True,False,body,130.0,126.0,-10.0,9,1
175,72964,420.0,23,476,0.41153,0.2519,True,False,body,230.0,200.0,-10.0,21,1
176,73317,333.0,17,353,0.409938,0.273,True,False,wall,170.0,173.0,-10.0,17,1
177,73600,317.0,19,283,0.408667,0.2647,True,False,body,190.0,137.0,-10.0,14,1
178,74167,525.0,27,567,0.406134,0.2593,True,False,wall,270.0,265.0,-10.0,22,1
179,74398,205.0,11,231,0.405107,0.2558,True,False,wall,110.0,105.0,-10.0,5,1
180,74594,216.0,13,196,0.404238,0.2584,True,False,body,130.0,96.0,-10.0,5,1
181,74920,336.0,19,326,0.402798,0.2684,True,False,body,190.0,156.0,-10.0,8,1
182,75415,437.0,23,495,0.400621,0.257,True,False,body,230.0,217.0,-10.0,17,1
183,76000,581.0,33,585,0.398067,0.2556,True,False,body,330.0,261.0,-10.0,28,1
184,76173,139.0,7,173,0.397315,0.2538,True,False,body,70.0,79.0,-10.0,4,1
185,76454,299.0,17,281,0.396097,0.2492,True,False,body,170.0,139.0,-10.0,10,1
186,76771,305.0,15,317,0.394729,0.2519,True,False,wall,150.0,165.0,-10.0,11,1
187,77030,271.0,15,259,0.393614,0.2657,True,False,wall,150.0,131.0,-10.0,9,1
188,77531,475.0,25,501,0.391469,0.261,True,False,body,250.0,235.0,-10.0,15,1
189,77965,395.0,22,434,0.389622,0.2441,True,False,body,220.0,185.0,-10.0,15,1
190,78246,258.0,14,281,0.388431,0.2732,True,False,wall,140.0,128.0,-10.0,9,1
191,78597,328.0,18,351,0.386949,0.279,True,False,body,180.0,158.0,-10.0,17,1
192,78966,330.0,18,369,0.385399,0.2766,True,False,body,180.0,160.0,-10.0,21,1
193,79187,209.0,9,221,0.384473,0.305,True,False,body,90.0,129.0,-10.0,5,1
194,79686,478.0,24,499,0.382394,0.2847,True,False,body,240.0,248.0,-10.0,13,1
195,80094,339.0,18,408,0.380703,0.2852,True,False,body,180.0,169.0,-10.0,16,1
196,80456,375.0,20,362,0.37921,0.312,True,False,body,200.0,185.0,-10.0,16,1
197,80637,212.0,12,181,0.378466,0.2887,True,False,body,120.0,102.0,-10.0,2,1
198,80937,239.0,12,300,0.377236,0.302,True,False,body,120.0,129.0,-10.0,8,1
199,81239,216.0,13,302,0.376003,0.2889,True,False,body,130.0,96.0,-10.0,20,1
200,81683,407.0,22,444,0.374199,0.2804,True,False,body,220.0,197.0,-10.0,18,1
201,82038,409.0,23,355,0.372763,0.2866,True,False,body,230.0,189.0,-10.0,14,1
202,82130,128.0,9,92,0.372393,0.3139,True,False,body,90.0,48.0,-10.0,1,1
203,82522,325.0,18,392,0.370817,0.3152,True,False,body,180.0,155.0,-10.0,21,1
204,82640,128.0,7,118,0.370344,0.3167,True,False,body,70.0,68.0,-10.0,1,1
205,82790,154.0,9,150,0.369744,0.3217,True,False,body,90.0,74.0,-10.0,3,1
206,82885,108.0,6,95,0.369364,0.2958,True,False,wall,60.0,58.0,-10.0,3,1
207,83193,307.0,14,308,0.368137,0.3031,True,False,body,140.0,177.0,-10.0,12,1
208,83509,302.0,15,316,0.366883,0.2968,True,False,wall,150.0,162.0,-10.0,10,1
209,83669,211.0,12,160,0.36625,0.2821,True,False,body,120.0,101.0,-10.0,1,1
210,83882,236.0,12,213,0.365409,0.2922,True,False,wall,120.0,126.0,-10.0,8,1
211,84155,277.0,17,273,0.364334,0.3098,True,False,body,170.0,117.0,-10.0,15,1
212,84363,291.0,18,208,0.363518,0.2954,True,False,body,180.0,121.0,-10.0,4,1
213,84539,216.0,13,176,0.362829,0.3139,True,False,body,130.0,96.0,-10.0,6,1
214,84772,275.0,15,233,0.361919,0.3004,True,False,body,150.0,135.0,-10.0,3,1
215,85343,623.0,31,571,0.359701,0.2895,True,False,body,310.0,323.0,-10.0,31,1
216,85599,297.0,16,256,0.358712,0.288,True,False,body,160.0,147.0,-10.0,6,1
217,85956,351.0,19,357,0.357337,0.2887,True,False,body,190.0,171.0,-10.0,11,1
218,86239,275.0,15,283,0.356252,0.2818,True,False,body,150.0,135.0,-10.0,19,1
219,86596,401.0,21,357,0.354888,0.2749,True,False,body,210.0,201.0,-10.0,17,1
220,86837,238.0,12,241,0.353971,0.2747,True,False,body,120.0,128.0,-10.0,4,1
221,86974,127.0,7,137,0.353451,0.2775,True,False,body,70.0,67.0,-10.0,4,1
222,87195,261.0,15,221,0.352614,0.2906,True,False,body,150.0,121.0,-10.0,5,1
223,87449,267.0,14,254,0.351654,0.3032,True,False,body,140.0,137.0,-10.0,7,1
224,87934,567.0,31,485,0.349831,0.2851,True,False,body,310.0,267.0,-10.0,27,1
225,88042,142.0,9,108,0.349427,0.2946,True,False,body,90.0,62.0,-10.0,3,1
226,88302,282.0,13,260,0.348455,0.3043,True,False,body,130.0,162.0,-10.0,0,1
227,88864,574.0,29,562,0.346366,0.2936,True,False,wall,290.0,294.0,-10.0,31,1
228,89554,688.0,33,690,0.343821,0.2901,True,False,body,330.0,368.0,-10.0,35,1
229,90370,844.0,45,816,0.340839,0.2807,True,False,body,450.0,404.0,-10.0,40,1
230,90806,538.0,27,436,0.339258,0.2752,True,False,body,270.0,278.0,-10.0,11,1
231,91130,347.0,16,324,0.338089,0.2919,True,False,body,160.0,197.0,-10.0,7,1
232,91794,743.0,36,664,0.335708,0.2963,True,False,body,360.0,393.0,-10.0,24,1
233,91991,191.0,11,197,0.335005,0.2972,True,False,body,110.0,91.0,-10.0,11,1
234,92666,730.0,38,675,0.332611,0.3035,True,False,body,380.0,360.0,-10.0,26,1
235,93158,510.0,25,492,0.330878,0.3085,True,False,body,250.0,270.0,-10.0,27,1
236,93407,255.0,13,249,0.330005,0.3156,True,False,body,130.0,135.0,-10.0,8,1
237,93575,155.0,8,168,0.329418,0.3224,True,False,body,80.0,85.0,-10.0,4,1
238,93905,397.0,22,330,0.328267,0.3116,True,False,wall,220.0,187.0,-10.0,8,1
239,94561,692.0,35,656,0.325995,0.3035,True,False,body,350.0,352.0,-10.0,26,1
240,94862,379.0,21,301,0.324958,0.3019,True,False,body,210.0,179.0,-10.0,9,1
241,95133,348.0,20,271,0.324029,0.3056,True,False,body,200.0,158.0,-10.0,10,1
242,95582,421.0,23,449,0.322495,0.308,True,False,body,230.0,201.0,-10.0,20,1
243,95806,293.0,16,224,0.321733,0.2911,True,False,body,160.0,143.0,-10.0,15,1
244,96306,526.0,27,500,0.32004,0.3147,True,False,body,270.0,266.0,-10.0,22,1
245,96660,381.0,20,354,0.318848,0.3069,True,False,body,200.0,191.0,-10.0,17,1
246,97061,413.0,23,401,0.317503,0.3005,True,False,body,230.0,193.0,-10.0,23,1
247,97372,370.0,24,311,0.316465,0.2964,True,False,body,240.0,140.0,-10.0,17,1
248,97875,566.0,28,503,0.314795,0.2956,True,False,body,280.0,296.0,-10.0,15,1
249,98276,424.0,24,401,0.313471,0.2836,True,False,body,240.0,194.0,-10.0,20,1
250,98395,119.0,7,119,0.31308,0.2743,True,False,body,70.0,59.0,-10.0,4,1
251,99073,736.0,37,678,0.31086,0.2918,True,False,body,370.0,376.0,-10.0,31,1
252,99849,859.0,48,776,0.308341,0.2751,True,False,body,480.0,389.0,-10.0,43,1
253,100707,855.0,44,858,0.305586,0.3065,True,False,body,440.0,425.0,-10.0,42,1
254,101125,500.0,25,418,0.304254,0.3104,True,False,body,250.0,260.0,-10.0,18,1
255,101316,245.0,13,191,0.303647,0.3186,True,False,body,130.0,125.0,-10.0,3,1
256,101610,324.0,17,294,0.302717,0.3176,True,False,body,170.0,164.0,-10.0,13,1
257,102013,407.0,21,403,0.301447,0.3111,True,False,body,210.0,207.0,-10.0,14,1
258,102381,428.0,25,368,0.300293,0.3133,True,False,body,250.0,188.0,-10.0,22,1
259,102784,442.0,24,403,0.299035,0.291,True,False,body,240.0,212.0,-10.0,13,1
260,103328,558.0,29,544,0.297348,0.3129,True,False,body,290.0,278.0,-10.0,22,1
261,103629,379.0,23,301,0.296419,0.3184,True,False,body,230.0,159.0,-10.0,11,1
262,104192,611.0,31,563,0.294691,0.3178,True,False,body,310.0,311.0,-10.0,37,1
263,104664,543.0,28,472,0.293251,0.304,True,False,body,280.0,273.0,-10.0,19,1
264,104925,287.0,17,261,0.292459,0.3123,True,False,wall,170.0,127.0,-10.0,19,1
265,105374,524.0,28,449,0.291102,0.3135,True,False,body,280.0,254.0,-10.0,15,1
266,105545,228.0,12,171,0.290587,0.3081,True,False,wall,120.0,118.0,-10.0,2,1
267,105904,388.0,20,359,0.28951,0.2993,True,False,body,200.0,198.0,-10.0,7,1
268,106197,344.0,18,293,0.288634,0.3123,True,False,body,180.0,174.0,-10.0,7,1
269,106454,329.0,19,257,0.287869,0.2951,True,False,wall,190.0,149.0,-10.0,6,1
270,106977,631.0,35,523,0.286319,0.3191,True,False,body,350.0,291.0,-10.0,9,1
271,107311,439.0,24,334,0.285334,0.3325,True,False,body,240.0,209.0,-10.0,13,1
272,107582,353.0,19,271,0.284539,0.3338,True,False,body,190.0,173.0,-10.0,6,1
273,107928,375.0,20,346,0.283526,0.308,True,False,body,200.0,185.0,-10.0,16,1
274,108083,184.0,10,155,0.283074,0.3214,True,False,body,100.0,94.0,-10.0,7,1
275,108483,449.0,22,400,0.281912,0.3261,True,False,body,220.0,239.0,-10.0,10,1
276,109238,852.0,48,755,0.279733,0.3221,True,False,body,480.0,382.0,-10.0,40,1
277,109546,305.0,16,308,0.278851,0.3394,True,False,body,160.0,155.0,-10.0,16,1
278,109940,432.0,23,394,0.277726,0.3209,True,False,body,230.0,212.0,-10.0,19,1
279,110615,783.0,43,675,0.275813,0.3591,True,False,body,430.0,363.0,-10.0,30,1
280,110824,212.0,12,209,0.275224,0.3491,True,False,body,120.0,102.0,-10.0,8,1
281,111001,280.0,16,177,0.274726,0.3612,True,False,body,160.0,130.0,-10.0,3,1
282,111462,488.0,26,461,0.273435,0.3586,True,False,body,260.0,238.0,-10.0,26,1
283,112287,863.0,47,825,0.271142,0.3459,True,False,body,470.0,403.0,-10.0,31,1
284,112816,574.0,28,529,0.269685,0.3522,True,False,body,280.0,304.0,-10.0,22,1
285,112900,128.0,9,84,0.269454,0.3432,True,False,body,90.0,48.0,-10.0,5,1
286,113186,399.0,22,286,0.268671,0.3558,True,False,body,220.0,189.0,-10.0,8,1
287,113403,277.0,15,217,0.268079,0.3759,True,False,body,150.0,137.0,-10.0,5,1
288,113810,442.0,26,407,0.266972,0.3617,True,False,wall,260.0,192.0,-10.0,27,1
289,114551,810.0,44,741,0.264972,0.3662,True,False,body,440.0,380.0,-10.0,38,1
290,115049,571.0,30,498,0.263638,0.3661,True,False,body,300.0,281.0,-10.0,28,1
291,115275,282.0,15,226,0.263035,0.3772,True,False,body,150.0,142.0,-10.0,12,1
292,115522,270.0,14,247,0.262378,0.3687,True,False,body,140.0,140.0,-10.0,12,1
293,115821,420.0,24,299,0.261586,0.3625,True,False,wall,240.0,190.0,-10.0,7,1
294,116518,751.0,41,697,0.259751,0.3707,True,False,body,410.0,351.0,-10.0,38,1
295,116774,319.0,18,256,0.259081,0.3708,True,False,body,180.0,149.0,-10.0,14,1
296,117071,413.0,23,297,0.258306,0.3753,True,False,body,230.0,193.0,-10.0,7,1
297,117221,229.0,14,150,0.257916,0.3892,True,False,body,140.0,99.0,-10.0,5,1
298,117610,393.0,21,389,0.256907,0.3815,True,False,wall,210.0,193.0,-10.0,17,1
299,117805,241.0,13,195,0.256403,0.3785,True,False,body,130.0,121.0,-10.0,3,1
300,117948,188.0,12,143,0.256035,0.3639,True,False,body,120.0,78.0,-10.0,3,1
301,118127,253.0,15,179,0.255574,0.381,True,False,wall,150.0,113.0,-10.0,4,1
302,118942,989.0,55,815,0.253491,0.3686,True,False,wall,550.0,449.0,-10.0,47,1
303,119437,637.0,33,495,0.252235,0.401,True,False,body,330.0,317.0,-10.0,12,1
304,119947,592.0,29,510,0.25095,0.3767,True,False,body,290.0,312.0,-10.0,21,1
305,120712,732.0,36,765,0.249038,0.4114,True,False,body,360.0,382.0,-10.0,58,1
306,121080,510.0,29,368,0.248124,0.3965,True,False,body,290.0,230.0,-10.0,13,1
307,121678,684.0,39,598,0.246649,0.3956,True,False,body,390.0,304.0,-10.0,41,1
308,121929,245.0,11,251,0.246033,0.382,True,False,body,110.0,145.0,-10.0,5,1
309,122430,599.0,29,501,0.244809,0.4142,True,False,body,290.0,319.0,-10.0,13,1
310,122820,470.0,27,390,0.243862,0.41,True,False,body,270.0,210.0,-10.0,19,1
311,123193,381.0,19,373,0.24296,0.4359,True,False,body,190.0,201.0,-10.0,14,1
312,123469,345.0,18,276,0.242295,0.433,True,False,body,180.0,175.0,-10.0,10,1
313,123816,388.0,18,347,0.241463,0.4219,True,False,body,180.0,218.0,-10.0,14,1
314,124631,937.0,51,815,0.239522,0.4269,True,False,wall,510.0,437.0,-10.0,34,1
315,124977,404.0,21,346,0.238704,0.4158,True,False,body,210.0,204.0,-10.0,12,1
316,125541,645.0,34,564,0.237379,0.4104,True,False,body,340.0,315.0,-10.0,29,1
317,125845,406.0,23,304,0.236668,0.412,True,False,body,230.0,186.0,-10.0,21,1
318,126084,310.0,18,239,0.236111,0.4105,True,False,body,180.0,140.0,-10.0,14,1
319,126702,779.0,40,618,0.234679,0.4373,True,False,body,400.0,389.0,-10.0,26,1
320,126861,193.0,11,159,0.234312,0.4244,True,False,body,110.0,93.0,-10.0,9,1
321,127197,352.0,17,336,0.23354,0.4473,True,False,body,170.0,192.0,-10.0,6,1
322,127448,328.0,18,251,0.232965,0.4188,True,False,body,180.0,158.0,-10.0,4,1
323,127626,248.0,13,178,0.232558,0.4117,True,False,body,130.0,128.0,-10.0,2,1
324,128327,825.0,41,701,0.230966,0.4385,True,False,body,410.0,425.0,-10.0,19,1
325,128970,742.0,38,643,0.229517,0.4475,True,False,body,380.0,372.0,-10.0,30,1
326,129409,592.0,32,439,0.228535,0.4507,True,False,body,320.0,282.0,-10.0,16,1
327,129966,674.0,36,557,0.227296,0.432,True,False,body,360.0,324.0,-10.0,16,1
328,130266,396.0,21,300,0.226632,0.4819,True,False,body,210.0,196.0,-10.0,11,1
329,130793,651.0,33,527,0.225472,0.4627,True,False,body,330.0,331.0,-10.0,21,1
330,131139,444.0,21,346,0.224715,0.4703,True,False,body,210.0,244.0,-10.0,8,1
331,131486,426.0,24,347,0.223959,0.4545,True,False,body,240.0,196.0,-10.0,24,1
332,131658,239.0,14,172,0.223585,0.4474,True,False,body,140.0,109.0,-10.0,4,1
333,132124,641.0,32,466,0.222577,0.453,True,False,body,320.0,331.0,-10.0,11,1
334,132454,400.0,21,330,0.221867,0.4385,True,False,body,210.0,200.0,-10.0,15,1
335,132946,582.0,31,492,0.220813,0.4369,True,False,body,310.0,282.0,-10.0,24,1
336,133223,418.0,24,277,0.220223,0.4599,True,False,body,240.0,188.0,-10.0,6,1
337,133482,364.0,20,259,0.219672,0.436,True,False,body,200.0,174.0,-10.0,8,1
338,133695,281.0,15,213,0.219221,0.4297,True,False,body,150.0,141.0,-10.0,3,1
339,134233,663.0,34,538,0.218087,0.4386,True,False,body,340.0,333.0,-10.0,24,1
340,134294,57.0,3,61,0.217959,0.4378,True,False,body,30.0,37.0,-10.0,0,1
341,134616,369.0,22,322,0.217284,0.4341,True,False,body,220.0,159.0,-10.0,21,1
342,134944,427.0,24,328,0.2166,0.4304,True,False,body,240.0,197.0,-10.0,15,1
343,135486,741.0,40,542,0.215475,0.4143,True,False,body,400.0,351.0,-10.0,15,1
344,135840,464.0,23,354,0.214744,0.403,True,False,body,230.0,244.0,-10.0,8,1
345,136213,532.0,28,373,0.213978,0.4031,True,False,body,280.0,262.0,-10.0,19,1
346,136298,111.0,7,85,0.213804,0.4007,True,False,body,70.0,51.0,-10.0,1,1
347,136822,614.0,33,524,0.212734,0.398,True,False,body,330.0,294.0,-10.0,28,1
348,137385,683.0,37,563,0.211593,0.3978,True,False,body,370.0,323.0,-10.0,34,1
349,137695,385.0,20,310,0.210968,0.3986,True,False,body,200.0,195.0,-10.0,10,1
350,137996,415.0,23,301,0.210364,0.389,True,False,body,230.0,195.0,-10.0,13,1
351,138482,459.0,22,486,0.209393,0.4236,True,False,body,220.0,249.0,-10.0,42,1
352,138693,306.0,18,211,0.208973,0.4133,True,False,body,180.0,136.0,-10.0,9,1
353,139040,462.0,24,347,0.208285,0.4197,True,False,body,240.0,232.0,-10.0,13,1
354,139188,194.0,11,148,0.207992,0.4061,True,False,body,110.0,94.0,-10.0,2,1
355,139555,517.0,29,367,0.207269,0.4067,True,False,body,290.0,237.0,-10.0,15,1
356,139703,222.0,13,148,0.206978,0.4076,True,False,body,130.0,102.0,-10.0,5,1
357,139999,407.0,22,296,0.206399,0.4072,True,False,body,220.0,197.0,-10.0,7,1
358,140357,464.0,25,358,0.2057,0.4055,True,False,body,250.0,224.0,-10.0,25,1
359,140843,632.0,33,486,0.204757,0.3909,True,False,body,330.0,312.0,-10.0,18,1
360,141236,520.0,26,393,0.203999,0.3885,True,False,wall,260.0,270.0,-10.0,12,1
361,141416,250.0,15,180,0.203653,0.3972,True,False,body,150.0,110.0,-10.0,8,1
362,141654,305.0,16,238,0.203196,0.3846,True,False,body,160.0,155.0,-10.0,7,1
363,141731,89.0,5,77,0.203049,0.3755,True,False,body,50.0,49.0,-10.0,2,1
364,142120,430.0,20,389,0.202306,0.3867,True,False,body,200.0,240.0,-10.0,13,1
365,142499,519.0,29,379,0.201587,0.3867,True,False,body,290.0,239.0,-10.0,15,1
366,143074,730.0,38,575,0.200501,0.3942,True,False,wall,380.0,360.0,-10.0,27,1
367,143448,486.0,27,374,0.199799,0.3981,True,False,body,270.0,226.0,-10.0,9,1
368,143799,479.0,25,351,0.199143,0.3786,True,False,body,250.0,239.0,-10.0,10,1
369,144440,818.0,42,641,0.197953,0.4196,True,False,body,420.0,408.0,-10.0,39,1
370,144756,475.0,26,316,0.19737,0.4363,True,False,wall,260.0,225.0,-10.0,11,1
371,145279,698.0,36,523,0.196409,0.4379,True,False,body,360.0,348.0,-10.0,15,1
372,145637,498.0,27,358,0.195756,0.4326,True,False,body,270.0,238.0,-10.0,14,1
373,146657,1126.0,59,1020,0.193909,0.4341,True,False,body,590.0,546.0,-10.0,66,1
374,147150,648.0,34,493,0.193025,0.424,True,False,body,340.0,318.0,-10.0,14,1
375,147522,491.0,26,372,0.192362,0.4191,True,False,body,260.0,241.0,-10.0,18,1
376,148234,863.0,48,712,0.1911,0.4191,True,False,body,480.0,393.0,-10.0,49,1
377,148774,701.0,36,540,0.190151,0.4141,True,False,body,360.0,351.0,-10.0,47,1
378,149408,809.0,42,634,0.189045,0.427,True,False,body,420.0,399.0,-10.0,23,1
379,149787,515.0,27,379,0.188387,0.4334,True,False,body,270.0,255.0,-10.0,18,1
380,150359,738.0,39,572,0.187401,0.4424,True,False,body,390.0,358.0,-10.0,47,1
381,150483,163.0,8,124,0.187189,0.4374,True,False,body,80.0,93.0,-10.0,5,1
382,150583,154.0,9,100,0.187017,0.4402,True,False,body,90.0,74.0,-10.0,2,1
383,150856,407.0,23,273,0.186551,0.4383,True,False,wall,230.0,187.0,-10.0,9,1
384,151112,394.0,21,256,0.186114,0.4311,True,False,body,210.0,194.0,-10.0,13,1
385,151575,647.0,33,463,0.185329,0.4321,True,False,body,330.0,327.0,-10.0,16,1
386,151967,498.0,25,392,0.184667,0.4237,True,False,body,250.0,258.0,-10.0,14,1
387,152365,583.0,32,398,0.183999,0.4146,True,False,body,320.0,273.0,-10.0,21,1
388,152868,667.0,33,503,0.183159,0.4045,True,False,body,330.0,347.0,-10.0,11,1
389,153589,821.0,41,721,0.181964,0.4347,True,False,wall,410.0,421.0,-10.0,37,1
390,154255,809.0,42,666,0.18087,0.4457,True,False,body,420.0,399.0,-10.0,42,1
391,154789,628.0,33,534,0.18,0.4545,True,False,body,330.0,308.0,-10.0,34,1
392,155271,560.0,29,482,0.179219,0.4383,True,False,body,290.0,280.0,-10.0,15,1
393,155844,787.0,41,573,0.178297,0.4409,True,False,body,410.0,387.0,-10.0,19,1
394,156235,503.0,25,391,0.177671,0.4453,True,False,wall,250.0,263.0,-10.0,11,1
395,156628,481.0,25,393,0.177045,0.4521,True,False,body,250.0,241.0,-10.0,20,1
396,156998,471.0,24,370,0.176459,0.4443,True,False,body,240.0,241.0,-10.0,18,1
397,157235,352.0,18,237,0.176085,0.4525,True,False,body,180.0,182.0,-10.0,2,1
398,157518,342.0,20,283,0.17564,0.4319,True,False,body,200.0,152.0,-10.0,19,1
399,157877,486.0,28,359,0.175077,0.4388,True,False,body,280.0,216.0,-10.0,28,1
400,158131,365.0,20,254,0.174681,0.4538,True,False,body,200.0,175.0,-10.0,14,1
401,158804,830.0,44,673,0.173636,0.4593,True,False,body,440.0,400.0,-10.0,28,1
402,159372,725.0,36,568,0.172762,0.4662,True,False,body,360.0,375.0,-10.0,34,1
403,160088,879.0,42,716,0.171668,0.4658,True,False,body,420.0,469.0,-10.0,33,1
404,160405,434.0,24,317,0.171187,0.4705,True,False,body,240.0,204.0,-10.0,14,1
405,160624,279.0,15,219,0.170855,0.4596,True,False,body,150.0,139.0,-10.0,5,1
406,160963,431.0,23,339,0.170344,0.4394,True,False,body,230.0,211.0,-10.0,9,1
407,161512,738.0,38,549,0.169521,0.4497,True,False,body,380.0,368.0,-10.0,22,1
408,162074,854.0,47,562,0.168685,0.4577,True,False,body,470.0,394.0,-10.0,26,1
409,162567,649.0,35,493,0.167955,0.4648,True,False,body,350.0,309.0,-10.0,20,1
410,162982,630.0,34,415,0.167345,0.4725,True,False,body,340.0,300.0,-10.0,16,1
411,163187,278.0,14,205,0.167045,0.4429,True,False,body,140.0,148.0,-10.0,10,1
412,164011,994.0,55,824,0.165845,0.4402,True,False,body,550.0,454.0,-10.0,57,1
413,164548,740.0,42,537,0.16507,0.434,True,False,body,420.0,330.0,-10.0,39,1
414,165192,816.0,43,644,0.164148,0.4509,True,False,body,430.0,396.0,-10.0,23,1
415,165745,703.0,33,553,0.163362,0.4635,True,False,body,330.0,383.0,-10.0,22,1
416,166052,452.0,24,307,0.162927,0.4624,True,False,wall,240.0,222.0,-10.0,13,1
417,166210,245.0,14,158,0.162705,0.4676,True,False,body,140.0,115.0,-10.0,4,1
418,166624,571.0,28,414,0.162123,0.4581,True,False,body,280.0,301.0,-10.0,9,1
419,166837,302.0,16,213,0.161825,0.4549,True,False,body,160.0,152.0,-10.0,2,1
420,167450,736.0,36,613,0.160971,0.4495,True,False,body,360.0,386.0,-10.0,28,1
421,167577,202.0,12,127,0.160795,0.4365,True,False,body,120.0,92.0,-10.0,1,1
422,167826,430.0,24,249,0.160451,0.4472,True,False,body,240.0,200.0,-10.0,8,1
423,168453,833.0,43,627,0.159588,0.446,True,False,body,430.0,413.0,-10.0,29,1
424,169350,1057.0,57,897,0.158367,0.4441,True,False,body,570.0,497.0,-10.0,50,1
425,169688,473.0,24,338,0.15791,0.4482,True,False,body,240.0,243.0,-10.0,11,1
426,170233,763.0,41,545,0.157177,0.4617,True,False,wall,410.0,363.0,-10.0,22,1
427,171083,1138.0,55,850,0.156044,0.4676,True,False,body,550.0,598.0,-10.0,38,1
428,171456,545.0,31,373,0.155551,0.4895,True,False,body,310.0,245.0,-10.0,24,1
429,171720,400.0,21,264,0.155203,0.4917,True,False,body,210.0,200.0,-10.0,4,1
430,171929,307.0,17,209,0.154929,0.4707,True,False,wall,170.0,147.0,-10.0,7,1
431,172441,728.0,37,512,0.154259,0.4921,True,False,body,370.0,368.0,-10.0,28,1
432,173008,759.0,41,567,0.153523,0.4922,True,False,wall,410.0,359.0,-10.0,23,1
433,173410,560.0,29,402,0.153004,0.5073,True,False,body,290.0,280.0,-10.0,17,1
434,174109,913.0,49,699,0.152108,0.4993,True,False,body,490.0,433.0,-10.0,38,1
435,174934,967.0,49,825,0.151061,0.5072,True,False,body,490.0,487.0,-10.0,86,1
436,175388,669.0,36,454,0.150489,0.4835,True,False,body,360.0,319.0,-10.0,23,1
437,176215,980.0,48,827,0.149455,0.4686,True,False,body,480.0,510.0,-10.0,46,1
438,176559,527.0,28,344,0.149028,0.4669,True,False,body,280.0,257.0,-10.0,8,1
439,176826,364.0,20,267,0.148699,0.4506,True,False,body,200.0,174.0,-10.0,12,1
440,177142,490.0,27,316,0.148309,0.4525,True,False,body,270.0,230.0,-10.0,6,1
441,177427,415.0,21,285,0.14796,0.4617,True,False,body,210.0,215.0,-10.0,14,1
442,177741,499.0,26,314,0.147576,0.46,True,False,body,260.0,249.0,-10.0,6,1
443,178030,411.0,21,289,0.147224,0.4569,True,False,body,210.0,211.0,-10.0,10,1
444,178742,941.0,50,712,0.146363,0.4683,True,False,body,500.0,451.0,-10.0,44,1
445,179234,696.0,39,492,0.145772,0.4739,True,False,body,390.0,316.0,-10.0,29,1
446,179726,661.0,34,492,0.145185,0.4921,True,False,body,340.0,331.0,-10.0,24,1
447,180499,841.0,43,773,0.144269,0.475,True,False,body,430.0,421.0,-10.0,57,1
448,180717,306.0,15,218,0.144013,0.4553,True,False,body,150.0,166.0,-10.0,6,1
449,180957,387.0,22,240,0.143731,0.4574,True,False,body,220.0,177.0,-10.0,4,1
450,181518,718.0,36,561,0.143076,0.4622,True,False,body,360.0,368.0,-10.0,37,1
451,181950,669.0,36,432,0.142575,0.4418,True,False,body,360.0,319.0,-10.0,16,1
452,182561,886.0,48,611,0.141871,0.4642,True,False,body,480.0,416.0,-10.0,26,1
453,183047,686.0,39,486,0.141314,0.4562,True,False,body,390.0,306.0,-10.0,27,1
454,183326,390.0,20,279,0.140996,0.4742,True,False,body,200.0,200.0,-10.0,9,1
455,183695,547.0,29,369,0.140578,0.4683,True,False,body,290.0,267.0,-10.0,12,1
456,184117,571.0,32,422,0.140101,0.4689,True,False,body,320.0,261.0,-10.0,25,1
457,184576,590.0,32,459,0.139586,0.4498,True,False,body,320.0,280.0,-10.0,29,1
458,184986,611.0,34,410,0.139128,0.4448,True,False,body,340.0,281.0,-10.0,18,1
459,185351,525.0,29,365,0.138722,0.4637,True,False,body,290.0,245.0,-10.0,15,1
460,185654,446.0,24,303,0.138387,0.4509,True,False,wall,240.0,216.0,-10.0,12,1
461,186131,625.0,35,477,0.137861,0.4591,True,False,body,350.0,285.0,-10.0,34,1
462,186332,290.0,14,201,0.137641,0.4562,True,False,body,140.0,160.0,-10.0,4,1
463,186858,658.0,35,526,0.137066,0.4471,True,False,body,350.0,318.0,-10.0,35,1
464,187420,731.0,38,562,0.136457,0.4876,True,False,body,380.0,361.0,-10.0,28,1
465,187738,509.0,28,318,0.136114,0.5032,True,False,body,280.0,239.0,-10.0,13,1
466,188100,461.0,26,362,0.135725,0.4699,True,False,body,260.0,211.0,-10.0,21,1
467,188604,721.0,40,504,0.135187,0.484,True,False,body,400.0,331.0,-10.0,21,1
468,188788,272.0,13,184,0.134991,0.4807,True,False,body,130.0,152.0,-10.0,6,1
469,189619,1051.0,57,831,0.134113,0.4744,True,False,body,570.0,491.0,-10.0,43,1
470,189825,286.0,15,206,0.133896,0.4715,True,False,body,150.0,146.0,-10.0,3,1
471,190493,846.0,47,668,0.133199,0.4902,True,False,body,470.0,386.0,-10.0,34,1
472,190919,644.0,37,426,0.132757,0.4984,True,False,body,370.0,284.0,-10.0,19,1
473,191742,1042.0,52,823,0.13191,0.5486,True,False,body,520.0,532.0,-10.0,66,1
474,192002,415.0,22,260,0.131644,0.5655,True,False,body,220.0,205.0,-10.0,7,1
475,192325,510.0,26,323,0.131315,0.5467,True,False,wall,260.0,260.0,-10.0,6,1
476,192563,400.0,23,238,0.131074,0.5322,True,False,body,230.0,180.0,-10.0,3,1
477,192761,319.0,18,198,0.130873,0.5318,True,False,body,180.0,149.0,-10.0,4,1
478,193060,478.0,26,299,0.130571,0.5393,True,False,wall,260.0,228.0,-10.0,12,1
479,193476,599.0,32,416,0.130154,0.5401,True,False,body,320.0,289.0,-10.0,16,1
480,194089,850.0,44,613,0.129542,0.5406,True,False,body,440.0,420.0,-10.0,34,1
481,194645,720.0,39,556,0.128991,0.4902,True,False,body,390.0,340.0,-10.0,34,1
482,194893,368.0,21,248,0.128746,0.4851,True,False,body,210.0,168.0,-10.0,10,1
483,195213,490.0,29,320,0.128432,0.4736,True,False,wall,290.0,210.0,-10.0,16,1
484,195962,895.0,47,749,0.127701,0.4712,True,False,body,470.0,435.0,-10.0,40,1
485,196526,870.0,47,564,0.127155,0.5028,True,False,body,470.0,410.0,-10.0,19,1
486,197274,999.0,54,748,0.126437,0.5068,True,False,body,540.0,469.0,-10.0,52,1
487,197596,454.0,25,322,0.12613,0.4955,True,False,body,250.0,214.0,-10.0,21,1
488,198102,759.0,40,506,0.12565,0.4947,True,False,body,400.0,369.0,-10.0,14,1
489,198582,665.0,32,480,0.125198,0.5068,True,False,body,320.0,355.0,-10.0,26,1
490,199610,1147.0,62,1028,0.124238,0.5151,True,False,body,620.0,537.0,-10.0,84,1
491,200417,1043.0,55,807,0.123492,0.5164,True,False,body,550.0,503.0,-10.0,41,1
492,200935,685.0,34,518,0.123018,0.5082,True,False,body,340.0,355.0,-10.0,28,1
493,201681,939.0,48,746,0.12234,0.535,True,False,body,480.0,469.0,-10.0,39,1
494,202308,803.0,43,627,0.121776,0.5409,True,False,body,430.0,383.0,-10.0,36,1
495,202597,422.0,24,289,0.121517,0.5187,True,False,body,240.0,192.0,-10.0,12,1
496,203414,1009.0,53,817,0.12079,0.5441,True,False,body,530.0,489.0,-10.0,64,1
497,204026,795.0,42,612,0.120251,0.5549,True,False,body,420.0,385.0,-10.0,38,1
498,204372,483.0,26,346,0.119947,0.5142,True,False,body,260.0,233.0,-10.0,11,1
499,204897,826.0,42,525,0.11949,0.5066,True,False,body,420.0,416.0,-10.0,16,1
500,205131,354.0,19,234,0.119287,0.5055,True,False,body,190.0,174.0,-10.0,6,1
501,205516,568.0,32,385,0.118954,0.5305,True,False,body,320.0,258.0,-10.0,13,1
502,205915,580.0,30,399,0.118611,0.5046,True,False,body,300.0,290.0,-10.0,16,1
503,206562,899.0,45,647,0.118059,0.5129,True,False,body,450.0,459.0,-10.0,25,1
504,207166,894.0,47,604,0.117547,0.5039,True,False,body,470.0,434.0,-10.0,39,1
505,207374,329.0,18,208,0.117371,0.531,True,False,body,180.0,159.0,-10.0,4,1
506,207821,669.0,37,447,0.116996,0.5276,True,False,body,370.0,309.0,-10.0,31,1
507,208009,276.0,15,188,0.116839,0.5233,True,False,body,150.0,136.0,-10.0,9,1
508,208273,412.0,23,264,0.116618,0.5168,True,False,body,230.0,192.0,-10.0,5,1
509,208530,379.0,19,257,0.116405,0.5008,True,False,body,190.0,199.0,-10.0,5,1
510,208629,163.0,11,99,0.116323,0.4853,True,False,wall,110.0,63.0,-10.0,3,1
511,209155,754.0,39,526,0.115888,0.4971,True,False,body,390.0,374.0,-10.0,14,1
512,209779,847.0,44,624,0.115376,0.4781,True,False,body,440.0,417.0,-10.0,38,1
513,210372,776.0,38,593,0.114893,0.4991,True,False,body,380.0,406.0,-10.0,36,1
514,210714,488.0,27,342,0.114616,0.4855,True,False,body,270.0,228.0,-10.0,26,1
515,211050,522.0,29,336,0.114346,0.4916,True,False,body,290.0,242.0,-10.0,16,1
516,211748,992.0,55,698,0.113787,0.5059,True,False,body,550.0,452.0,-10.0,65,1
517,212130,557.0,32,382,0.113483,0.4887,True,False,body,320.0,247.0,-10.0,34,1
518,212629,706.0,36,499,0.113088,0.4957,True,False,body,360.0,356.0,-10.0,14,1
519,212974,473.0,25,345,0.112817,0.515,True,False,body,250.0,233.0,-10.0,20,1
520,213386,590.0,33,412,0.112494,0.5139,True,False,body,330.0,270.0,-10.0,22,1
521,214479,1284.0,66,1093,0.111646,0.5162,True,False,body,660.0,634.0,-10.0,78,1
522,215057,817.0,42,578,0.111202,0.4931,True,False,body,420.0,407.0,-10.0,24,1
523,215661,852.0,45,604,0.110742,0.4976,True,False,body,450.0,412.0,-10.0,28,1
524,215991,523.0,28,330,0.110492,0.4821,True,False,wall,280.0,253.0,-10.0,12,1
525,216621,806.0,41,630,0.110017,0.5124,True,False,body,410.0,406.0,-10.0,48,1
526,216984,588.0,32,363,0.109746,0.4859,True,False,body,320.0,278.0,-10.0,4,1
527,217419,661.0,35,435,0.109422,0.4982,True,False,body,350.0,321.0,-10.0,20,1
528,218022,868.0,46,603,0.108975,0.4892,True,False,wall,460.0,418.0,-10.0,39,1
529,218464,620.0,33,442,0.10865,0.5236,True,False,body,330.0,300.0,-10.0,20,1
530,219050,802.0,45,586,0.108222,0.5098,True,False,body,450.0,362.0,-10.0,60,1
531,219409,540.0,30,359,0.107962,0.4895,True,False,body,300.0,250.0,-10.0,14,1
532,219989,848.0,45,580,0.107543,0.4942,True,False,body,450.0,408.0,-10.0,37,1
533,220572,724.0,38,583,0.107125,0.5374,True,False,wall,380.0,354.0,-10.0,37,1
534,221107,802.0,42,535,0.106744,0.5357,True,False,body,420.0,392.0,-10.0,28,1
535,221604,627.0,33,497,0.106393,0.5429,True,False,body,330.0,307.0,-10.0,36,1
536,222044,710.0,39,440,0.106084,0.5365,True,False,body,390.0,330.0,-10.0,13,1
537,222317,404.0,22,273,0.105893,0.544,True,False,body,220.0,194.0,-10.0,6,1
538,222574,441.0,25,257,0.105713,0.5341,True,False,body,250.0,201.0,-10.0,5,1
539,222850,491.0,28,276,0.105521,0.5453,True,False,body,280.0,221.0,-10.0,9,1
540,223308,709.0,40,458,0.105205,0.5362,True,False,body,400.0,319.0,-10.0,28,1
541,223713,575.0,29,405,0.104926,0.5255,True,False,body,290.0,295.0,-10.0,18,1
542,224444,1034.0,54,731,0.104426,0.5205,True,False,body,540.0,504.0,-10.0,41,1
543,224650,317.0,16,206,0.104286,0.5045,True,False,body,160.0,167.0,-10.0,5,1
544,225060,635.0,38,410,0.104009,0.5061,True,False,body,380.0,265.0,-10.0,21,1
545,225809,1002.0,50,749,0.103505,0.5023,True,False,body,500.0,512.0,-10.0,57,1
546,226529,980.0,49,720,0.103026,0.5193,True,False,body,490.0,500.0,-10.0,28,1
547,227216,872.0,46,687,0.102573,0.5284,True,False,body,460.0,422.0,-10.0,34,1
548,227542,506.0,27,326,0.102359,0.5399,True,False,body,270.0,246.0,-10.0,9,1
549,227727,317.0,19,185,0.102238,0.5416,True,False,body,190.0,137.0,-10.0,9,1
550,228008,402.0,20,281,0.102055,0.5536,True,False,body,200.0,212.0,-10.0,7,1
551,228576,795.0,40,568,0.101686,0.5601,True,False,body,400.0,405.0,-10.0,31,1
552,228974,612.0,31,398,0.10143,0.5533,True,False,body,310.0,312.0,-10.0,12,1
553,229653,949.0,51,679,0.100995,0.5588,True,False,body,510.0,449.0,-10.0,48,1
554,230038,549.0,29,385,0.10075,0.5579,True,False,body,290.0,269.0,-10.0,24,1
555,230569,768.0,42,531,0.100415,0.5717,True,False,body,420.0,358.0,-10.0,37,1
556,230951,606.0,33,382,0.100175,0.5528,True,False,body,330.0,286.0,-10.0,13,1
557,231613,959.0,48,662,0.099761,0.5461,True,False,body,480.0,489.0,-10.0,19,1
558,231991,592.0,31,378,0.099526,0.5316,True,False,body,310.0,292.0,-10.0,14,1
559,232473,713.0,36,482,0.099229,0.5781,True,False,body,360.0,363.0,-10.0,17,1
560,233122,842.0,42,649,0.098831,0.5619,True,False,body,420.0,432.0,-10.0,25,1
561,233577,653.0,33,455,0.098554,0.5318,True,False,body,330.0,333.0,-10.0,18,1
562,233936,585.0,31,359,0.098337,0.5292,True,False,body,310.0,285.0,-10.0,3,1
563,234427,665.0,35,491,0.098041,0.5341,True,False,body,350.0,325.0,-10.0,42,1
564,235316,1202.0,62,889,0.09751,0.544,True,False,body,620.0,592.0,-10.0,76,1
565,235851,800.0,42,535,0.097194,0.566,True,False,body,420.0,390.0,-10.0,29,1
566,236277,634.0,33,426,0.096943,0.5535,True,False,body,330.0,314.0,-10.0,10,1
567,236472,279.0,13,195,0.096829,0.5306,True,False,body,130.0,159.0,-10.0,4,1
568,236742,412.0,21,270,0.096671,0.5421,True,False,body,210.0,212.0,-10.0,4,1
569,237192,655.0,38,450,0.096409,0.5278,True,False,body,380.0,285.0,-10.0,24,1
570,237642,653.0,36,450,0.096149,0.5235,True,False,body,360.0,303.0,-10.0,28,1
571,237687,55.0,3,45,0.096123,0.5063,True,False,body,30.0,35.0,-10.0,0,1
572,237994,441.0,23,307,0.095946,0.5103,True,False,body,230.0,221.0,-10.0,13,1
573,238360,498.0,27,366,0.095736,0.5143,True,False,body,270.0,238.0,-10.0,21,1
574,238895,750.0,40,535,0.095432,0.5021,True,False,body,400.0,360.0,-10.0,31,1
575,239527,867.0,46,632,0.095074,0.5325,True,False,body,460.0,417.0,-10.0,26,1
576,239884,516.0,26,357,0.094873,0.5263,True,False,body,260.0,266.0,-10.0,17,1
577,240485,876.0,46,601,0.094538,0.5148,True,False,wall,460.0,426.0,-10.0,36,1
578,241060,817.0,39,575,0.094219,0.5166,True,False,body,390.0,437.0,-10.0,40,1
579,241638,829.0,44,578,0.0939,0.5274,True,False,body,440.0,399.0,-10.0,31,1
580,242059,626.0,32,421,0.09367,0.5349,True,False,body,320.0,316.0,-10.0,20,1
581,242547,725.0,38,488,0.093404,0.5365,True,False,body,380.0,355.0,-10.0,25,1
582,242836,426.0,22,289,0.093248,0.5372,True,False,body,220.0,216.0,-10.0,15,1
583,243228,608.0,33,392,0.093036,0.5273,True,False,wall,330.0,288.0,-10.0,14,1
584,243801,760.0,42,573,0.092729,0.5192,True,False,body,420.0,350.0,-10.0,37,1
585,244942,1278.0,68,1141,0.092124,0.528,True,False,body,680.0,608.0,-10.0,101,1
586,245702,1104.0,61,760,0.091726,0.5152,True,False,body,610.0,504.0,-10.0,47,1
587,246078,555.0,28,376,0.09153,0.5172,True,False,body,280.0,285.0,-10.0,21,1
588,246815,992.0,54,737,0.091149,0.5138,True,False,body,540.0,462.0,-10.0,27,1
589,247361,750.0,39,546,0.090869,0.5349,True,False,body,390.0,370.0,-10.0,36,1
590,248040,898.0,48,679,0.090524,0.5355,True,False,body,480.0,428.0,-10.0,58,1
591,248509,666.0,34,469,0.090287,0.5526,True,False,body,340.0,336.0,-10.0,27,1
592,249155,887.0,48,646,0.089963,0.5411,True,False,body,480.0,417.0,-10.0,48,1
593,249991,1051.0,54,836,0.089548,0.5036,True,False,body,540.0,521.0,-10.0,83,1
594,250274,418.0,24,283,0.089408,0.54,True,False,body,240.0,188.0,-10.0,21,1
595,250884,887.0,48,610,0.089109,0.5405,True,False,body,480.0,417.0,-10.0,36,1
596,251265,567.0,27,381,0.088923,0.5434,True,False,body,270.0,307.0,-10.0,9,1
597,251860,739.0,39,595,0.088634,0.5439,True,False,body,390.0,359.0,-10.0,27,1
598,252396,749.0,38,536,0.088376,0.5432,True,False,body,380.0,379.0,-10.0,34,1
599,252843,637.0,31,447,0.088163,0.5327,True,False,body,310.0,337.0,-10.0,21,1
600,253259,658.0,37,416,0.087965,0.5325,True,False,body,370.0,298.0,-10.0,20,1
601,254101,1078.0,57,842,0.087567,0.5298,True,False,body,570.0,518.0,-10.0,49,1
602,254641,850.0,49,540,0.087315,0.5573,True,False,body,490.0,370.0,-10.0,27,1
603,255549,1111.0,56,908,0.086893,0.5616,True,False,body,560.0,561.0,-10.0,60,1
604,255820,445.0,25,271,0.086769,0.5729,True,False,body,250.0,205.0,-10.0,10,1
605,256241,677.0,39,421,0.086576,0.579,True,False,body,390.0,297.0,-10.0,24,1
606,257080,1095.0,57,839,0.086194,0.5648,True,False,wall,570.0,535.0,-10.0,60,1
607,257519,636.0,30,439,0.085996,0.5591,True,False,body,300.0,346.0,-10.0,18,1
608,258102,803.0,45,583,0.085735,0.5646,True,False,body,450.0,363.0,-10.0,46,1
609,258427,521.0,27,325,0.08559,0.5766,True,False,body,270.0,261.0,-10.0,14,1
610,258705,450.0,27,278,0.085466,0.5764,True,False,body,270.0,190.0,-10.0,14,1
611,259157,681.0,36,452,0.085266,0.5955,True,False,wall,360.0,331.0,-10.0,29,1
612,259845,1001.0,54,688,0.084964,0.6078,True,False,body,540.0,471.0,-10.0,51,1
613,260268,657.0,35,423,0.08478,0.6106,True,False,body,350.0,317.0,-10.0,25,1
614,260739,685.0,37,471,0.084576,0.5866,True,False,body,370.0,325.0,-10.0,15,1
615,261664,1089.0,55,925,0.084178,0.5994,True,False,body,550.0,549.0,-10.0,66,1
616,262276,823.0,44,612,0.083918,0.5902,True,False,body,440.0,393.0,-10.0,30,1
617,262917,912.0,50,641,0.083647,0.5923,True,False,body,500.0,422.0,-10.0,38,1
618,263235,493.0,28,318,0.083514,0.6292,True,False,body,280.0,223.0,-10.0,19,1
619,263663,670.0,35,428,0.083335,0.6241,True,False,body,350.0,330.0,-10.0,18,1
620,264043,567.0,30,380,0.083177,0.6349,True,False,body,300.0,277.0,-10.0,19,1
621,264560,779.0,41,517,0.082963,0.6069,True,False,body,410.0,379.0,-10.0,27,1
622,265295,1035.0,53,735,0.082662,0.6138,True,False,body,530.0,515.0,-10.0,42,1
623,266037,1027.0,50,742,0.08236,0.6145,True,False,body,500.0,537.0,-10.0,53,1
624,266568,807.0,39,531,0.082146,0.624,True,False,body,390.0,427.0,-10.0,22,1
625,267201,848.0,46,633,0.081893,0.6052,True,False,wall,460.0,398.0,-10.0,76,1
626,267798,882.0,48,597,0.081656,0.5921,True,False,body,480.0,412.0,-10.0,44,1
627,268233,594.0,30,435,0.081484,0.5988,True,False,body,300.0,304.0,-10.0,29,1
628,269130,1123.0,59,897,0.081133,0.6169,True,False,body,590.0,543.0,-10.0,108,1
629,269718,874.0,45,588,0.080905,0.5999,True,False,wall,450.0,434.0,-10.0,34,1
630,270169,650.0,34,451,0.080731,0.5956,True,False,body,340.0,320.0,-10.0,24,1
631,270533,582.0,31,364,0.080592,0.6039,True,False,body,310.0,282.0,-10.0,21,1
632,271046,754.0,40,513,0.080396,0.6017,True,False,body,400.0,364.0,-10.0,27,1
633,271537,692.0,36,491,0.08021,0.61,True,False,wall,360.0,342.0,-10.0,31,1
634,271775,350.0,17,238,0.080121,0.5891,True,False,body,170.0,190.0,-10.0,10,1
635,272411,855.0,46,636,0.079882,0.5847,True,False,body,460.0,405.0,-10.0,60,1
636,272556,246.0,14,145,0.079828,0.5967,True,False,body,140.0,116.0,-10.0,0,1
637,273220,927.0,50,664,0.079581,0.5869,True,False,body,500.0,437.0,-10.0,64,1
638,273644,663.0,38,424,0.079425,0.5992,True,False,body,380.0,293.0,-10.0,9,1
639,274433,1094.0,56,789,0.079136,0.5901,True,False,body,560.0,544.0,-10.0,44,1
640,275166,961.0,51,733,0.07887,0.5757,True,False,body,510.0,461.0,-10.0,59,1
641,275706,722.0,37,540,0.078676,0.5673,True,False,wall,370.0,362.0,-10.0,29,1
642,276292,825.0,44,586,0.078467,0.5745,True,False,wall,440.0,395.0,-10.0,30,1
643,276627,511.0,27,335,0.078348,0.5674,True,False,body,270.0,251.0,-10.0,21,1
644,277343,976.0,53,716,0.078095,0.5688,True,False,body,530.0,456.0,-10.0,42,1
645,277703,612.0,33,360,0.077969,0.5763,True,False,body,330.0,292.0,-10.0,11,1
646,278101,584.0,33,398,0.07783,0.5777,True,False,body,330.0,264.0,-10.0,23,1
647,278671,853.0,48,570,0.077633,0.6002,True,False,body,480.0,383.0,-10.0,61,1
648,278854,312.0,18,183,0.07757,0.6038,True,False,body,180.0,142.0,-10.0,9,1
649,279107,384.0,20,253,0.077483,0.6059,True,False,body,200.0,194.0,-10.0,6,1
650,279914,1088.0,54,807,0.077207,0.5889,True,False,wall,540.0,558.0,-10.0,70,1
651,280493,768.0,42,579,0.077011,0.6049,True,False,body,420.0,358.0,-10.0,42,1
652,280952,663.0,35,459,0.076856,0.5987,True,False,body,350.0,323.0,-10.0,31,1
653,281541,866.0,46,589,0.076659,0.6025,True,False,body,460.0,416.0,-10.0,69,1
654,282236,989.0,53,695,0.076429,0.6122,True,False,body,530.0,469.0,-10.0,48,1
655,282861,876.0,48,625,0.076223,0.6164,True,False,body,480.0,406.0,-10.0,33,1
656,283236,547.0,29,375,0.0761,0.6427,True,False,body,290.0,267.0,-10.0,23,1
657,283375,240.0,14,139,0.076055,0.6635,True,False,body,140.0,110.0,-10.0,3,1
658,283979,861.0,44,604,0.075859,0.6387,True,False,body,440.0,431.0,-10.0,34,1
659,284974,1183.0,61,995,0.075539,0.649,True,False,wall,610.0,583.0,-10.0,71,1
660,285427,637.0,35,453,0.075395,0.64,True,False,body,350.0,297.0,-10.0,43,1
661,286255,1084.0,53,828,0.075134,0.6384,True,False,body,530.0,564.0,-10.0,52,1
662,286525,462.0,25,270,0.075049,0.6681,True,False,body,250.0,222.0,-10.0,5,1
663,287154,910.0,46,629,0.074853,0.6527,True,False,body,460.0,460.0,-10.0,38,1
664,287870,1035.0,54,716,0.074631,0.6399,True,False,body,540.0,505.0,-10.0,37,1
665,288333,708.0,40,463,0.074489,0.6346,True,False,body,400.0,318.0,-10.0,21,1
666,289053,966.0,49,720,0.07427,0.6238,True,False,body,490.0,486.0,-10.0,43,1
667,289801,995.0,52,748,0.074044,0.6297,True,False,body,520.0,485.0,-10.0,60,1
668,290414,776.0,42,613,0.07386,0.6363,True,False,wall,420.0,366.0,-10.0,43,1
669,290750,512.0,27,336,0.07376,0.6206,True,False,body,270.0,252.0,-10.0,12,1
670,291464,912.0,47,714,0.073549,0.6467,True,False,body,470.0,452.0,-10.0,62,1
671,292161,988.0,54,697,0.073345,0.6442,True,False,wall,540.0,458.0,-10.0,41,1
672,292625,707.0,34,464,0.07321,0.6674,True,False,body,340.0,377.0,-10.0,15,1
673,293149,771.0,42,524,0.073058,0.6544,True,False,body,420.0,361.0,-10.0,27,1
674,293952,980.0,52,803,0.072828,0.6455,True,False,body,520.0,470.0,-10.0,89,1
675,294349,622.0,32,397,0.072715,0.6559,True,False,body,320.0,312.0,-10.0,14,1
676,294718,606.0,34,369,0.072611,0.6705,True,False,body,340.0,276.0,-10.0,17,1
677,295049,521.0,27,331,0.072517,0.6584,True,False,body,270.0,261.0,-10.0,10,1
678,295636,760.0,40,587,0.072353,0.6623,True,False,body,400.0,370.0,-10.0,42,1
679,295988,567.0,30,352,0.072255,0.6551,True,False,body,300.0,277.0,-10.0,21,1
680,296512,814.0,43,524,0.072109,0.6585,True,False,body,430.0,394.0,-10.0,16,1
681,297705,1293.0,67,1193,0.071782,0.6541,True,False,body,670.0,633.0,-10.0,98,1
682,297906,376.0,24,201,0.071727,0.6561,True,False,body,240.0,146.0,-10.0,4,1
683,298349,682.0,36,443,0.071607,0.6474,True,False,body,360.0,332.0,-10.0,14,1
684,298532,309.0,17,183,0.071558,0.6374,True,False,body,170.0,149.0,-10.0,1,1
685,299078,820.0,43,546,0.071411,0.6384,True,False,body,430.0,400.0,-10.0,45,1
686,299542,715.0,38,464,0.071287,0.6421,True,False,body,380.0,345.0,-10.0,19,1
687,299838,508.0,27,296,0.071209,0.6362,True,False,body,270.0,248.0,-10.0,4,1
688,300082,401.0,22,244,0.071144,0.644,True,False,body,220.0,191.0,-10.0,12,1
689,300501,641.0,35,419,0.071034,0.6444,True,False,body,350.0,301.0,-10.0,30,1
690,300930,686.0,38,429,0.070921,0.6394,True,False,wall,380.0,316.0,-10.0,15,1
691,301582,873.0,46,652,0.070752,0.6444,True,False,body,460.0,423.0,-10.0,57,1
692,302082,693.0,36,500,0.070622,0.6211,True,False,body,360.0,343.0,-10.0,27,1
693,302691,873.0,47,609,0.070466,0.6176,True,False,body,470.0,413.0,-10.0,43,1
694,302981,504.0,27,290,0.070392,0.608,True,False,body,270.0,244.0,-10.0,6,1
695,303244,446.0,26,263,0.070325,0.6409,True,False,body,260.0,196.0,-10.0,22,1
696,303842,845.0,44,598,0.070173,0.613,True,False,body,440.0,415.0,-10.0,21,1
697,304591,1035.0,53,749,0.069986,0.661,True,False,body,530.0,515.0,-10.0,35,1
698,305026,654.0,36,435,0.069877,0.6434,True,False,wall,360.0,304.0,-10.0,37,1
699,305633,871.0,43,607,0.069727,0.6169,True,False,body,430.0,451.0,-10.0,33,1
700,306385,975.0,50,752,0.069542,0.6274,True,False,body,500.0,485.0,-10.0,73,1
701,307091,910.0,49,706,0.069371,0.6281,True,False,body,490.0,430.0,-10.0,71,1
702,307309,367.0,20,218,0.069318,0.6206,True,False,body,200.0,177.0,-10.0,8,1
703,308239,1149.0,62,930,0.069095,0.6147,True,False,body,620.0,539.0,-10.0,93,1
704,308496,443.0,25,257,0.069033,0.6206,True,False,body,250.0,203.0,-10.0,11,1
705,308763,433.0,25,267,0.06897,0.6312,True,False,body,250.0,193.0,-10.0,7,1
706,309192,631.0,33,429,0.068869,0.6194,True,False,body,330.0,311.0,-10.0,25,1
707,309713,761.0,39,521,0.068746,0.6134,True,False,wall,390.0,381.0,-10.0,26,1
708,310320,918.0,48,607,0.068604,0.6299,True,False,body,480.0,448.0,-10.0,40,1
709,310477,236.0,12,157,0.068568,0.6266,True,False,wall,120.0,126.0,-10.0,5,1
710,310796,511.0,27,319,0.068494,0.6273,True,False,body,270.0,251.0,-10.0,13,1
711,311627,1113.0,57,831,0.068303,0.6282,True,False,body,570.0,553.0,-10.0,68,1
712,312228,845.0,45,601,0.068166,0.6344,True,False,body,450.0,405.0,-10.0,48,1
713,313005,995.0,55,777,0.06799,0.6443,True,False,body,550.0,455.0,-10.0,68,1
714,313216,329.0,17,211,0.067943,0.6503,True,False,body,170.0,169.0,-10.0,0,1
715,313606,656.0,37,390,0.067856,0.6036,True,False,body,370.0,296.0,-10.0,17,1
716,313929,539.0,29,323,0.067784,0.6155,True,False,body,290.0,259.0,-10.0,10,1
717,314590,877.0,47,661,0.067637,0.6293,True,False,body,470.0,417.0,-10.0,53,1
718,315063,751.0,41,473,0.067533,0.6195,True,False,body,410.0,351.0,-10.0,23,1
719,315195,231.0,14,132,0.067504,0.6513,True,False,body,140.0,101.0,-10.0,2,1
720,315694,762.0,38,499,0.067396,0.6234,True,False,body,380.0,392.0,-10.0,25,1
721,316299,855.0,45,605,0.067265,0.6146,True,False,body,450.0,415.0,-10.0,34,1
722,316884,949.0,49,585,0.067139,0.5771,True,False,body,490.0,469.0,-10.0,36,1
723,317408,850.0,45,524,0.067027,0.6124,True,False,body,450.0,410.0,-10.0,25,1
724,318248,1078.0,57,840,0.066849,0.618,True,False,body,570.0,518.0,-10.0,70,1
725,318589,524.0,28,341,0.066777,0.6104,True,False,body,280.0,254.0,-10.0,12,1
726,319038,663.0,31,449,0.066683,0.6021,True,False,body,310.0,363.0,-10.0,9,1
727,319670,954.0,47,632,0.066552,0.5918,True,False,body,470.0,494.0,-10.0,30,1
728,320021,566.0,30,351,0.06648,0.578,True,False,body,300.0,276.0,-10.0,11,1
729,320281,446.0,25,260,0.066426,0.6061,True,False,body,250.0,206.0,-10.0,7,1
730,320788,746.0,40,507,0.066323,0.59,True,False,body,400.0,356.0,-10.0,35,1
731,321362,856.0,41,574,0.066206,0.582,True,False,body,410.0,456.0,-10.0,30,1
732,322143,1089.0,59,781,0.066048,0.5787,True,False,body,590.0,509.0,-10.0,70,1
733,322776,861.0,49,633,0.065922,0.6018,True,False,body,490.0,381.0,-10.0,59,1
734,323445,903.0,47,669,0.065789,0.6242,True,False,body,470.0,443.0,-10.0,33,1
735,323929,698.0,35,484,0.065694,0.6533,True,False,body,350.0,358.0,-10.0,29,1
736,324273,582.0,31,344,0.065627,0.6165,True,False,body,310.0,282.0,-10.0,9,1
737,324920,946.0,50,647,0.065501,0.617,True,False,body,500.0,456.0,-10.0,57,1
738,325498,868.0,43,578,0.065389,0.6144,True,False,body,430.0,448.0,-10.0,34,1
739,325962,693.0,38,464,0.0653,0.6043,True,False,body,380.0,323.0,-10.0,43,1
740,326729,1021.0,55,767,0.065154,0.6085,True,False,body,550.0,481.0,-10.0,100,1
741,327350,845.0,45,621,0.065037,0.6067,True,False,body,450.0,405.0,-10.0,68,1
742,327816,701.0,38,466,0.06495,0.6,True,False,wall,380.0,331.0,-10.0,33,1
743,328272,726.0,41,456,0.064865,0.6341,True,False,body,410.0,326.0,-10.0,25,1
744,328767,748.0,38,495,0.064773,0.6225,True,False,body,380.0,378.0,-10.0,21,1
745,329257,781.0,42,490,0.064683,0.6227,True,False,body,420.0,371.0,-10.0,17,1
746,329633,602.0,33,376,0.064614,0.601,True,False,body,330.0,282.0,-10.0,20,1
747,330194,841.0,47,561,0.064512,0.6067,True,False,body,470.0,381.0,-10.0,49,1
748,330833,898.0,50,639,0.064396,0.6036,True,False,body,500.0,408.0,-10.0,68,1
749,331460,893.0,47,627,0.064284,0.5917,True,False,body,470.0,433.0,-10.0,51,1
750,331684,356.0,19,224,0.064244,0.5897,True,False,body,190.0,176.0,-10.0,7,1
751,332427,1050.0,54,743,0.064112,0.6024,True,False,body,540.0,520.0,-10.0,31,1
752,332916,775.0,39,489,0.064026,0.6046,True,False,body,390.0,395.0,-10.0,16,1
753,333385,727.0,37,469,0.063944,0.6108,True,False,body,370.0,367.0,-10.0,16,1
754,333997,983.0,52,612,0.063838,0.608,True,False,body,520.0,473.0,-10.0,34,1
755,334652,959.0,47,655,0.063725,0.6212,True,False,body,470.0,499.0,-10.0,11,1
756,335023,602.0,30,371,0.063662,0.6212,True,False,body,300.0,312.0,-10.0,8,1
757,335501,744.0,41,478,0.06358,0.6242,True,False,body,410.0,344.0,-10.0,19,1
758,336154,940.0,48,653,0.06347,0.6302,True,False,body,480.0,470.0,-10.0,66,1
759,336503,555.0,31,349,0.063411,0.6139,True,False,body,310.0,255.0,-10.0,24,1
760,337244,1016.0,48,741,0.063288,0.6186,True,False,body,480.0,546.0,-10.0,61,1
761,337816,893.0,46,572,0.063193,0.6164,True,False,body,460.0,443.0,-10.0,18,1
762,338375,849.0,47,559,0.063101,0.6126,True,False,body,470.0,389.0,-10.0,34,1
763,338778,640.0,36,403,0.063035,0.6172,True,False,body,360.0,290.0,-10.0,25,1
764,339681,1056.0,54,903,0.062889,0.6071,True,False,wall,540.0,526.0,-10.0,76,1
765,339994,523.0,29,313,0.062839,0.6134,True,False,body,290.0,243.0,-10.0,11,1
766,340414,683.0,36,420,0.062772,0.6353,True,False,body,360.0,333.0,-10.0,27,1
767,341092,968.0,51,678,0.062664,0.6292,True,False,body,510.0,468.0,-10.0,36,1
768,342043,1185.0,61,951,0.062514,0.6419,True,False,body,610.0,585.0,-10.0,76,1
769,342610,862.0,48,567,0.062426,0.6756,True,False,body,480.0,392.0,-10.0,45,1
770,342767,250.0,14,157,0.062401,0.6668,True,False,body,140.0,120.0,-10.0,2,1
771,343160,608.0,32,393,0.062341,0.6777,True,False,body,320.0,298.0,-10.0,15,1
772,343811,960.0,48,651,0.062241,0.6831,True,False,body,480.0,490.0,-10.0,47,1
773,344555,1011.0,54,744,0.062127,0.6623,True,False,body,540.0,481.0,-10.0,55,1
774,345141,851.0,44,586,0.062039,0.6631,True,False,body,440.0,421.0,-10.0,19,1
775,345915,1050.0,53,774,0.061923,0.6771,True,False,body,530.0,530.0,-10.0,49,1
776,346591,1019.0,54,676,0.061823,0.6506,True,False,wall,540.0,489.0,-10.0,41,1
777,346862,470.0,28,271,0.061783,0.6594,True,False,body,280.0,200.0,-10.0,10,1
778,347021,282.0,16,159,0.061759,0.663,True,False,body,160.0,132.0,-10.0,1,1
779,347661,954.0,49,640,0.061665,0.6506,True,False,body,490.0,474.0,-10.0,29,1
780,348583,1117.0,58,922,0.061532,0.6404,True,False,body,580.0,547.0,-10.0,60,1
781,349267,884.0,47,684,0.061434,0.6271,True,False,body,470.0,424.0,-10.0,74,1
782,349469,347.0,20,202,0.061405,0.6285,True,False,body,200.0,157.0,-10.0,12,1
783,350247,1018.0,55,778,0.061294,0.6312,True,False,body,550.0,478.0,-10.0,63,1
784,350737,789.0,44,490,0.061225,0.6386,True,False,body,440.0,359.0,-10.0,36,1
785,351303,858.0,43,566,0.061146,0.6264,True,False,body,430.0,438.0,-10.0,15,1
786,351756,705.0,39,453,0.061083,0.6233,True,False,wall,390.0,325.0,-10.0,31,1
787,352161,638.0,34,405,0.061027,0.6205,True,False,body,340.0,308.0,-10.0,24,1
788,352705,860.0,45,544,0.060953,0.6111,True,False,body,450.0,420.0,-10.0,21,1
789,353002,514.0,28,297,0.060912,0.6044,True,False,wall,280.0,244.0,-10.0,15,1
790,353436,694.0,37,434,0.060853,0.658,True,False,body,370.0,334.0,-10.0,33,1
791,353956,832.0,45,520,0.060783,0.6293,True,False,body,450.0,392.0,-10.0,17,1
792,354631,922.0,46,675,0.060692,0.6683,True,False,body,460.0,472.0,-10.0,31,1
793,355189,764.0,41,558,0.060618,0.6464,True,False,body,410.0,364.0,-10.0,42,1
794,355731,762.0,39,542,0.060546,0.6194,True,False,body,390.0,382.0,-10.0,34,1
795,356566,1163.0,61,835,0.060437,0.5928,True,False,wall,610.0,563.0,-10.0,75,1
796,357142,736.0,37,576,0.060362,0.5933,True,False,body,370.0,376.0,-10.0,35,1
797,357792,885.0,48,650,0.060278,0.5937,True,False,body,480.0,415.0,-10.0,67,1
798,358020,402.0,23,228,0.060249,0.6107,True,False,body,230.0,182.0,-10.0,6,1
799,358715,941.0,49,695,0.06016,0.6168,True,False,body,490.0,461.0,-10.0,69,1
800,359343,874.0,47,628,0.060081,0.6343,True,False,wall,470.0,414.0,-10.0,44,1
801,359762,666.0,36,419,0.060028,0.6543,True,False,body,360.0,316.0,-10.0,19,1
802,360552,1173.0,56,790,0.059929,0.6518,True,False,body,560.0,623.0,-10.0,44,1
803,361142,851.0,44,590,0.059856,0.6532,True,False,body,440.0,421.0,-10.0,42,1
804,361636,696.0,37,494,0.059796,0.6552,True,False,body,370.0,336.0,-10.0,27,1
805,362400,1065.0,54,764,0.059703,0.6548,True,False,wall,540.0,535.0,-10.0,41,1
806,362878,752.0,39,478,0.059645,0.6594,True,False,body,390.0,372.0,-10.0,28,1
807,363161,486.0,26,283,0.059611,0.6541,True,False,wall,260.0,236.0,-10.0,5,1
808,363540,542.0,30,379,0.059565,0.6346,True,False,body,300.0,252.0,-10.0,26,1
809,364217,976.0,56,677,0.059485,0.6321,True,False,body,560.0,426.0,-10.0,51,1
810,364858,979.0,53,641,0.059409,0.6349,True,False,body,530.0,459.0,-10.0,46,1
811,365465,898.0,46,607,0.059338,0.6055,True,False,body,460.0,448.0,-10.0,29,1
812,365792,509.0,25,327,0.0593,0.6035,True,False,body,250.0,269.0,-10.0,19,1
813,366395,924.0,50,603,0.05923,0.6146,True,False,body,500.0,434.0,-10.0,39,1
814,366735,575.0,32,340,0.059191,0.6083,True,False,body,320.0,265.0,-10.0,22,1
815,367419,913.0,50,684,0.059113,0.6074,True,False,body,500.0,423.0,-10.0,67,1
816,367754,520.0,26,335,0.059075,0.6002,True,False,body,260.0,270.0,-10.0,13,1
817,368331,796.0,42,577,0.059009,0.6209,True,False,body,420.0,386.0,-10.0,53,1
818,368806,740.0,38,475,0.058956,0.617,True,False,body,380.0,370.0,-10.0,31,1
819,369405,884.0,44,599,0.058889,0.6398,True,False,body,440.0,454.0,-10.0,36,1
820,369852,730.0,38,447,0.05884,0.6466,True,False,body,380.0,360.0,-10.0,6,1
821,370538,940.0,51,686,0.058764,0.608,True,False,body,510.0,440.0,-10.0,71,1
822,370979,645.0,33,441,0.058716,0.593,True,False,body,330.0,325.0,-10.0,12,1
823,371495,792.0,41,516,0.05866,0.6313,True,False,wall,410.0,392.0,-10.0,28,1
824,372438,1253.0,67,943,0.058558,0.6205,True,False,body,670.0,593.0,-10.0,94,1
825,372519,107.0,5,81,0.05855,0.6136,True,False,body,50.0,67.0,-10.0,0,1
826,372988,756.0,38,469,0.0585,0.6068,True,False,body,380.0,386.0,-10.0,8,1
827,373490,737.0,40,502,0.058447,0.6345,True,False,wall,400.0,347.0,-10.0,38,1
828,374180,1034.0,53,690,0.058374,0.6243,True,False,body,530.0,514.0,-10.0,57,1
829,374711,811.0,43,531,0.058319,0.6371,True,False,body,430.0,391.0,-10.0,33,1
830,375373,959.0,50,662,0.05825,0.6144,True,False,body,500.0,469.0,-10.0,31,1
831,376195,913.0,50,822,0.058166,0.6155,True,False,body,500.0,423.0,-10.0,88,1
832,376742,780.0,42,547,0.05811,0.6294,True,False,body,420.0,370.0,-10.0,36,1
833,377210,680.0,35,468,0.058063,0.6247,True,False,body,350.0,340.0,-10.0,34,1
834,377980,996.0,51,770,0.057986,0.609,True,False,body,510.0,496.0,-10.0,93,1
835,378514,846.0,47,534,0.057933,0.6373,True,False,body,470.0,386.0,-10.0,39,1
836,378948,721.0,38,434,0.05789,0.6296,True,False,wall,380.0,351.0,-10.0,22,1
837,379902,1253.0,60,954,0.057796,0.598,True,False,body,600.0,663.0,-10.0,71,1
838,380679,1012.0,50,777,0.057721,0.6023,True,False,body,500.0,522.0,-10.0,39,1
839,381258,830.0,44,579,0.057665,0.6081,True,False,wall,440.0,400.0,-10.0,37,1
840,381514,436.0,25,256,0.057641,0.6245,True,False,body,250.0,196.0,-10.0,18,1
841,382237,1045.0,53,723,0.057572,0.6206,True,False,body,530.0,525.0,-10.0,48,1
842,382587,596.0,33,350,0.057539,0.6365,True,False,body,330.0,276.0,-10.0,7,1
843,383324,1006.0,54,737,0.05747,0.6295,True,False,body,540.0,476.0,-10.0,78,1
844,383785,643.0,33,461,0.057427,0.6311,True,False,body,330.0,323.0,-10.0,35,1
845,384430,957.0,47,645,0.057367,0.6467,True,False,wall,470.0,497.0,-10.0,34,1
846,384714,466.0,25,284,0.057341,0.6465,True,False,body,250.0,226.0,-10.0,9,1
847,385671,1263.0,67,957,0.057254,0.6344,True,False,body,670.0,603.0,-10.0,83,1
848,386083,702.0,39,412,0.057216,0.6354,True,False,body,390.0,322.0,-10.0,16,1
849,386959,1009.0,50,876,0.057138,0.65,True,False,body,500.0,519.0,-10.0,97,1
850,387247,434.0,23,288,0.057112,0.6557,True,False,body,230.0,214.0,-10.0,13,1
851,387539,447.0,26,292,0.057086,0.6324,True,False,body,260.0,197.0,-10.0,13,1
852,388144,958.0,52,605,0.057033,0.6263,True,False,body,520.0,448.0,-10.0,26,1
853,388689,800.0,42,545,0.056985,0.6014,True,False,body,420.0,390.0,-10.0,59,1
854,389274,797.0,41,585,0.056934,0.6006,True,False,body,410.0,397.0,-10.0,38,1
855,389706,702.0,37,432,0.056897,0.5905,True,False,body,370.0,342.0,-10.0,25,1
856,390006,500.0,29,300,0.056871,0.5913,True,False,wall,290.0,220.0,-10.0,19,1
857,390407,639.0,33,401,0.056837,0.6102,True,False,body,330.0,319.0,-10.0,13,1
858,390899,725.0,38,492,0.056795,0.5986,True,False,wall,380.0,355.0,-10.0,48,1
859,391558,940.0,48,659,0.056739,0.6033,True,False,body,480.0,470.0,-10.0,38,1
860,392232,927.0,50,674,0.056683,0.5972,True,False,body,500.0,437.0,-10.0,54,1
861,392759,778.0,38,527,0.056639,0.6154,True,False,wall,380.0,408.0,-10.0,30,1
862,393386,932.0,48,627,0.056587,0.6149,True,False,body,480.0,462.0,-10.0,27,1
863,393683,466.0,26,297,0.056562,0.6248,True,False,body,260.0,216.0,-10.0,16,1
864,394150,733.0,37,467,0.056524,0.6205,True,False,body,370.0,373.0,-10.0,14,1
865,395031,1053.0,57,881,0.056453,0.6106,True,False,body,570.0,493.0,-10.0,104,1
866,396117,1151.0,58,1086,0.056366,0.6285,True,False,body,580.0,581.0,-10.0,76,1
867,396604,734.0,40,487,0.056327,0.6165,True,False,body,400.0,344.0,-10.0,22,1
868,397258,914.0,47,654,0.056276,0.6156,True,False,body,470.0,454.0,-10.0,47,1
869,397811,853.0,45,553,0.056232,0.616,True,False,body,450.0,413.0,-10.0,36,1
870,398635,1116.0,57,824,0.056169,0.6339,True,False,body,570.0,556.0,-10.0,51,1
871,398896,453.0,25,261,0.056148,0.6179,True,False,wall,250.0,213.0,-10.0,2,1
872,399321,617.0,31,425,0.056116,0.613,True,False,body,310.0,317.0,-10.0,32,1
873,400051,956.0,49,730,0.05606,0.6108,True,False,body,490.0,476.0,-10.0,57,1
874,400930,1156.0,60,879,0.055994,0.6219,True,False,body,600.0,566.0,-10.0,73,1
875,401463,843.0,43,533,0.055954,0.633,True,False,body,430.0,423.0,-10.0,23,1
876,402125,964.0,49,662,0.055905,0.628,True,False,body,490.0,484.0,-10.0,60,1
877,402419,490.0,27,294,0.055884,0.6167,True,False,body,270.0,230.0,-10.0,14,1
878,402692,440.0,24,273,0.055863,0.6024,True,False,wall,240.0,210.0,-10.0,13,1
879,403451,1061.0,59,759,0.055808,0.6244,True,False,body,590.0,481.0,-10.0,66,1
880,404188,973.0,49,737,0.055755,0.6401,True,False,body,490.0,493.0,-10.0,57,1
881,404581,589.0,31,393,0.055727,0.6597,True,False,body,310.0,289.0,-10.0,16,1
882,405075,674.0,35,494,0.055691,0.6582,True,False,body,350.0,334.0,-10.0,29,1
883,405572,676.0,34,497,0.055656,0.656,True,False,body,340.0,346.0,-10.0,34,1
884,406161,873.0,47,589,0.055615,0.661,True,False,body,470.0,413.0,-10.0,42,1
885,406823,860.0,43,662,0.055568,0.6152,True,False,body,430.0,440.0,-10.0,29,1
886,407330,835.0,45,507,0.055533,0.6248,True,False,body,450.0,395.0,-10.0,23,1
887,407776,706.0,41,446,0.055502,0.6089,True,False,wall,410.0,306.0,-10.0,11,1
888,408200,613.0,32,424,0.055473,0.5994,True,False,body,320.0,303.0,-10.0,27,1
889,408522,547.0,32,322,0.055451,0.6017,True,False,body,320.0,237.0,-10.0,21,1
890,408903,586.0,32,381,0.055425,0.5889,True,False,wall,320.0,276.0,-10.0,19,1
891,409495,809.0,40,592,0.055385,0.618,True,False,body,400.0,419.0,-10.0,34,1
892,409665,321.0,20,170,0.055374,0.6159,True,False,body,200.0,131.0,-10.0,5,1
893,410278,830.0,46,613,0.055333,0.6074,True,False,body,460.0,380.0,-10.0,64,1
894,411037,982.0,50,759,0.055283,0.5994,True,False,body,500.0,492.0,-10.0,55,1
895,411841,1104.0,57,804,0.05523,0.5846,True,False,body,570.0,544.0,-10.0,91,1
896,412250,603.0,33,409,0.055203,0.5998,True,False,body,330.0,283.0,-10.0,21,1
897,412777,700.0,38,527,0.055169,0.6034,True,False,body,380.0,330.0,-10.0,47,1
898,413276,771.0,37,499,0.055137,0.6062,True,False,body,370.0,411.0,-10.0,16,1
899,413725,741.0,39,449,0.055108,0.6209,True,False,body,390.0,361.0,-10.0,24,1
900,414147,679.0,34,422,0.055081,0.6096,True,False,body,340.0,349.0,-10.0,16,1
901,414758,903.0,45,611,0.055043,0.6054,True,False,body,450.0,463.0,-10.0,23,1
902,415169,669.0,37,411,0.055017,0.6201,True,False,body,370.0,309.0,-10.0,26,1
903,415496,506.0,26,327,0.054996,0.6327,True,False,body,260.0,256.0,-10.0,17,1
904,415908,617.0,34,412,0.054971,0.6135,True,False,body,340.0,287.0,-10.0,23,1
905,416382,766.0,41,474,0.054941,0.6007,True,False,body,410.0,366.0,-10.0,25,1
906,417007,877.0,47,625,0.054903,0.6027,True,False,body,470.0,417.0,-10.0,57,1
907,417353,579.0,30,346,0.054882,0.6131,True,False,body,300.0,289.0,-10.0,15,1
908,417952,835.0,45,599,0.054845,0.5981,True,False,body,450.0,395.0,-10.0,43,1
909,418409,756.0,40,457,0.054818,0.6113,True,False,body,400.0,366.0,-10.0,9,1
910,419198,1058.0,56,789,0.05477,0.6119,True,False,body,560.0,508.0,-10.0,66,1
911,419690,739.0,38,492,0.054741,0.6231,True,False,wall,380.0,369.0,-10.0,21,1
912,420133,681.0,35,443,0.054715,0.6197,True,False,body,350.0,341.0,-10.0,7,1
913,420799,977.0,50,666,0.054676,0.6434,True,False,body,500.0,487.0,-10.0,54,1
914,421323,727.0,40,524,0.054645,0.619,True,False,body,400.0,337.0,-10.0,43,1
915,421675,518.0,31,352,0.054625,0.6341,True,False,body,310.0,218.0,-10.0,34,1
916,422259,789.0,38,584,0.054591,0.6343,True,False,body,380.0,419.0,-10.0,46,1
917,422576,545.0,29,317,0.054573,0.63,True,False,body,290.0,265.0,-10.0,13,1
918,423079,838.0,48,503,0.054544,0.628,True,False,wall,480.0,368.0,-10.0,29,1
919,423975,1179.0,64,896,0.054494,0.6295,True,False,body,640.0,549.0,-10.0,89,1
920,424571,850.0,45,596,0.05446,0.6079,True,False,body,450.0,410.0,-10.0,51,1
921,424782,343.0,19,211,0.054449,0.6149,True,False,body,190.0,163.0,-10.0,4,1
922,425348,848.0,45,566,0.054417,0.6013,True,False,body,450.0,408.0,-10.0,30,1
923,425659,525.0,29,311,0.0544,0.6117,True,False,body,290.0,245.0,-10.0,11,1
924,426366,993.0,51,707,0.054362,0.6152,True,False,body,510.0,493.0,-10.0,45,1
925,426729,609.0,33,363,0.054342,0.6065,True,False,body,330.0,289.0,-10.0,9,1
926,426834,159.0,9,105,0.054336,0.608,True,False,body,90.0,79.0,-10.0,3,1
927,427266,687.0,36,432,0.054313,0.6177,True,False,body,360.0,337.0,-10.0,22,1
928,427756,714.0,37,490,0.054286,0.6094,True,False,body,370.0,354.0,-10.0,31,1
929,428433,874.0,48,677,0.05425,0.6336,True,False,body,480.0,404.0,-10.0,88,1
930,429175,1152.0,61,742,0.054211,0.6473,True,False,body,610.0,552.0,-10.0,42,1
931,429914,1019.0,53,739,0.054172,0.6381,True,False,body,530.0,499.0,-10.0,51,1
932,430200,501.0,30,286,0.054157,0.6546,True,False,body,300.0,211.0,-10.0,15,1
933,430698,719.0,40,498,0.054132,0.6396,True,False,body,400.0,329.0,-10.0,38,1
934,431380,975.0,52,682,0.054097,0.6454,True,False,wall,520.0,465.0,-10.0,59,1
935,431839,686.0,36,459,0.054073,0.6521,True,False,body,360.0,336.0,-10.0,33,1
936,432266,672.0,34,427,0.054051,0.6432,True,False,body,340.0,342.0,-10.0,25,1
937,432491,375.0,21,225,0.05404,0.6477,True,False,body,210.0,175.0,-10.0,12,1
938,433083,931.0,52,592,0.05401,0.6494,True,False,body,520.0,421.0,-10.0,27,1
939,433519,658.0,37,436,0.053988,0.6597,True,False,body,370.0,298.0,-10.0,28,1
940,433688,287.0,17,169,0.05398,0.653,True,False,wall,170.0,127.0,-10.0,4,1
941,434257,809.0,43,569,0.053952,0.6486,True,False,body,430.0,389.0,-10.0,53,1
942,434667,688.0,41,410,0.053932,0.6538,True,False,body,410.0,288.0,-10.0,25,1
943,435059,620.0,33,392,0.053912,0.6519,True,False,body,330.0,300.0,-10.0,14,1
944,435952,1014.0,56,893,0.053869,0.6897,True,False,body,560.0,464.0,-10.0,81,1
945,436817,1075.0,55,865,0.053827,0.6926,True,False,body,550.0,535.0,-10.0,76,1
946,437566,988.0,50,749,0.053792,0.7086,True,False,body,500.0,498.0,-10.0,67,1
947,437783,410.0,26,217,0.053781,0.7167,True,False,body,260.0,160.0,-10.0,17,1
948,438682,1113.0,59,899,0.053739,0.6884,True,False,body,590.0,533.0,-10.0,87,1
949,439288,890.0,49,606,0.053711,0.681,True,False,body,490.0,410.0,-10.0,42,1
950,439607,530.0,26,319,0.053696,0.6662,True,False,body,260.0,280.0,-10.0,1,1
951,440294,921.0,49,687,0.053665,0.6565,True,False,wall,490.0,441.0,-10.0,61,1
952,440931,969.0,51,637,0.053636,0.6611,True,False,wall,510.0,469.0,-10.0,26,1
953,441684,1076.0,56,753,0.053601,0.686,True,False,body,560.0,526.0,-10.0,54,1
954,442365,994.0,52,681,0.053571,0.6974,True,False,wall,520.0,484.0,-10.0,63,1
955,442634,448.0,24,269,0.053559,0.6946,True,False,body,240.0,218.0,-10.0,9,1
956,443008,602.0,31,374,0.053542,0.6822,True,False,body,310.0,302.0,-10.0,17,1
957,443880,1157.0,64,872,0.053504,0.6676,True,False,body,640.0,527.0,-10.0,93,1
958,444488,927.0,48,608,0.053477,0.6895,True,False,body,480.0,457.0,-10.0,50,1
959,445076,880.0,47,588,0.053452,0.6744,True,False,body,470.0,420.0,-10.0,39,1
960,445509,649.0,35,433,0.053433,0.6725,True,False,body,350.0,309.0,-10.0,34,1
961,446405,1138.0,59,896,0.053395,0.6723,True,False,body,590.0,558.0,-10.0,67,1
962,446590,342.0,20,185,0.053387,0.6443,True,False,body,200.0,152.0,-10.0,18,1
963,447066,762.0,41,476,0.053367,0.6554,True,False,body,410.0,362.0,-10.0,31,1
964,447795,1024.0,54,729,0.053337,0.6418,True,False,body,540.0,494.0,-10.0,71,1
965,448826,1364.0,68,1031,0.053294,0.6544,True,False,wall,680.0,694.0,-10.0,77,1
966,449252,688.0,35,426,0.053276,0.657,True,False,wall,350.0,348.0,-10.0,18,1
967,449804,824.0,45,552,0.053254,0.6412,True,False,body,450.0,384.0,-10.0,46,1
968,450286,738.0,37,482,0.053234,0.6247,True,False,body,370.0,378.0,-10.0,22,1
969,450609,508.0,26,323,0.053221,0.6233,True,False,wall,260.0,258.0,-10.0,14,1
970,451037,704.0,37,428,0.053204,0.6208,True,False,body,370.0,344.0,-10.0,26,1
971,451590,887.0,43,553,0.053182,0.6488,True,False,body,430.0,467.0,-10.0,10,1
972,452328,1044.0,55,738,0.053153,0.6413,True,False,body,550.0,504.0,-10.0,42,1
973,452968,948.0,49,640,0.053128,0.625,True,False,body,490.0,468.0,-10.0,43,1
974,453365,668.0,36,397,0.053112,0.6238,True,False,body,360.0,318.0,-10.0,25,1
975,453899,741.0,38,534,0.053092,0.6202,True,False,body,380.0,371.0,-10.0,37,1
976,454366,728.0,38,467,0.053074,0.6355,True,False,body,380.0,358.0,-10.0,30,1
977,455167,1071.0,57,801,0.053043,0.6151,True,False,body,570.0,511.0,-10.0,74,1
978,455871,1036.0,55,704,0.053016,0.6232,True,False,body,550.0,496.0,-10.0,41,1
979,456386,834.0,46,515,0.052997,0.6203,True,False,body,460.0,384.0,-10.0,25,1
980,456720,587.0,32,334,0.052984,0.6204,True,False,body,320.0,277.0,-10.0,9,1
981,457653,1186.0,60,933,0.05295,0.6464,True,False,body,600.0,596.0,-10.0,83,1
982,458394,1046.0,54,741,0.052923,0.6521,True,False,body,540.0,516.0,-10.0,83,1
983,458934,849.0,46,540,0.052903,0.6351,True,False,body,460.0,399.0,-10.0,37,1
984,459558,913.0,48,624,0.05288,0.6436,True,False,body,480.0,443.0,-10.0,46,1
985,460109,896.0,46,551,0.052861,0.6385,True,False,body,460.0,446.0,-10.0,26,1
986,460974,1140.0,58,865,0.05283,0.636,True,False,body,580.0,570.0,-10.0,56,1
987,461479,718.0,38,505,0.052812,0.624,True,False,body,380.0,348.0,-10.0,40,1
988,462196,963.0,51,717,0.052787,0.6255,True,False,body,510.0,463.0,-10.0,63,1
989,463055,1109.0,59,859,0.052757,0.6304,True,False,body,590.0,529.0,-10.0,88,1
990,463695,934.0,49,640,0.052735,0.6206,True,False,body,490.0,454.0,-10.0,50,1
991,464511,1014.0,51,816,0.052707,0.6485,True,False,body,510.0,514.0,-10.0,61,1
992,464782,423.0,21,271,0.052698,0.6671,True,False,wall,210.0,223.0,-10.0,7,1
993,465178,588.0,31,396,0.052685,0.6372,True,False,wall,310.0,288.0,-10.0,13,1
994,465629,699.0,37,451,0.05267,0.6352,True,False,wall,370.0,339.0,-10.0,23,1
995,466163,827.0,40,534,0.052652,0.6321,True,False,body,400.0,437.0,-10.0,28,1
996,466411,409.0,22,248,0.052644,0.6412,True,False,body,220.0,199.0,-10.0,11,1
997,467193,1107.0,58,782,0.052618,0.6361,True,False,body,580.0,537.0,-10.0,75,1
998,467559,647.0,36,366,0.052606,0.6622,True,False,body,360.0,297.0,-10.0,12,1
999,467995,692.0,37,436,0.052592,0.6586,True,False,body,370.0,332.0,-10.0,21,1
1000,468354,589.0,31,359,0.05258,0.6598,True,False,body,310.0,289.0,-10.0,21,1
1001,469362,1175.0,62,1008,0.052548,0.6453,True,False,body,620.0,565.0,-10.0,127,1
1002,469671,530.0,30,309,0.052538,0.6443,True,False,body,300.0,240.0,-10.0,13,1
1003,470060,619.0,35,389,0.052526,0.6279,True,False,wall,350.0,279.0,-10.0,20,1
1004,470618,855.0,48,558,0.052508,0.6367,True,False,body,480.0,385.0,-10.0,47,1
1005,471202,858.0,45,584,0.05249,0.6431,True,False,body,450.0,418.0,-10.0,48,1
1006,471899,968.0,48,697,0.052469,0.6347,True,False,body,480.0,498.0,-10.0,37,1
1007,472484,836.0,44,585,0.052451,0.6316,True,False,body,440.0,406.0,-10.0,45,1
1008,473387,1153.0,57,903,0.052423,0.6344,True,False,body,570.0,593.0,-10.0,80,1
1009,473678,492.0,28,291,0.052414,0.6289,True,False,body,280.0,222.0,-10.0,13,1
1010,473985,496.0,26,307,0.052405,0.6301,True,False,body,260.0,246.0,-10.0,16,1
1011,474802,1144.0,60,817,0.052381,0.6141,True,False,body,600.0,554.0,-10.0,71,1
1012,475198,620.0,33,396,0.052369,0.6424,True,False,body,330.0,300.0,-10.0,23,1
1013,475890,962.0,49,692,0.052348,0.6579,True,False,body,490.0,482.0,-10.0,55,1
1014,476649,1005.0,55,759,0.052326,0.626,True,False,body,550.0,465.0,-10.0,63,1
1015,477233,900.0,47,584,0.052309,0.618,True,False,body,470.0,440.0,-10.0,31,1
1016,477440,349.0,19,207,0.052303,0.6063,True,False,body,190.0,169.0,-10.0,2,1
1017,478027,866.0,48,587,0.052287,0.6057,True,False,body,480.0,396.0,-10.0,35,1
1018,478501,780.0,43,474,0.052273,0.6351,True,False,body,430.0,360.0,-10.0,23,1
1019,479133,926.0,47,632,0.052255,0.6203,True,False,wall,470.0,466.0,-10.0,60,1
1020,479786,966.0,48,653,0.052237,0.5954,True,False,body,480.0,496.0,-10.0,58,1
1021,480555,1029.0,55,769,0.052215,0.6034,True,False,body,550.0,489.0,-10.0,68,1
1022,481160,905.0,47,605,0.052199,0.6069,True,False,body,470.0,445.0,-10.0,40,1
1023,481697,833.0,45,537,0.052184,0.6009,True,False,body,450.0,393.0,-10.0,38,1
1024,482491,1007.0,54,794,0.052162,0.606,True,False,body,540.0,477.0,-10.0,77,1
1025,483030,790.0,40,539,0.052148,0.6102,True,False,body,400.0,400.0,-10.0,32,1
1026,483877,1118.0,58,847,0.052125,0.638,True,False,body,580.0,548.0,-10.0,86,1
1027,484581,1056.0,57,704,0.052107,0.6379,True,False,body,570.0,496.0,-10.0,58,1
1028,485012,645.0,35,431,0.052095,0.6353,True,False,body,350.0,305.0,-10.0,23,1
1029,485892,1025.0,56,880,0.052072,0.6312,True,False,body,560.0,475.0,-10.0,125,1
1030,486357,640.0,32,465,0.05206,0.6536,True,False,body,320.0,330.0,-10.0,40,1
1031,486788,720.0,38,431,0.052049,0.6584,True,False,wall,380.0,350.0,-10.0,10,1
1032,487051,411.0,23,263,0.052043,0.6506,True,False,body,230.0,191.0,-10.0,13,1
1033,487244,325.0,17,193,0.052038,0.6378,True,False,body,170.0,165.0,-10.0,4,1
1034,487975,1091.0,55,731,0.052019,0.6369,True,False,body,550.0,551.0,-10.0,33,1
1035,488833,1097.0,56,858,0.051998,0.6412,True,False,body,560.0,547.0,-10.0,66,1
1036,489323,861.0,48,490,0.051985,0.6442,True,False,body,480.0,391.0,-10.0,16,1
1037,489895,864.0,43,572,0.051971,0.6373,True,False,body,430.0,444.0,-10.0,35,1
1038,490463,834.0,45,568,0.051957,0.6213,True,False,body,450.0,394.0,-10.0,42,1
1039,491142,1062.0,54,679,0.051941,0.6282,True,False,body,540.0,532.0,-10.0,37,1
1040,491405,436.0,22,263,0.051934,0.6508,True,False,body,220.0,226.0,-10.0,3,1
1041,491765,568.0,29,360,0.051926,0.6463,True,False,body,290.0,288.0,-10.0,21,1
1042,492280,803.0,45,515,0.051913,0.6474,True,False,body,450.0,363.0,-10.0,36,1
1043,492939,947.0,47,659,0.051898,0.6507,True,False,body,470.0,487.0,-10.0,51,1
1044,493147,334.0,17,208,0.051893,0.6424,True,False,body,170.0,174.0,-10.0,6,1
1045,494002,1101.0,55,855,0.051873,0.6479,True,False,body,550.0,561.0,-10.0,54,1
1046,494593,851.0,45,591,0.051859,0.6566,True,False,body,450.0,411.0,-10.0,40,1
1047,495306,1031.0,51,713,0.051842,0.6718,True,False,body,510.0,531.0,-10.0,51,1
1048,496346,1313.0,66,1040,0.051819,0.6915,True,False,body,660.0,663.0,-10.0,105,1
1049,496874,864.0,45,528,0.051807,0.7218,True,False,body,450.0,424.0,-10.0,22,1
1050,497290,717.0,38,416,0.051797,0.7237,True,False,body,380.0,347.0,-10.0,6,1
1051,497685,612.0,34,395,0.051788,0.7206,True,False,body,340.0,282.0,-10.0,13,1
1052,498277,867.0,44,592,0.051775,0.7334,True,False,body,440.0,437.0,-10.0,28,1
1053,498673,628.0,33,396,0.051766,0.7369,True,False,wall,330.0,308.0,-10.0,19,1
1054,498939,492.0,29,266,0.051761,0.7337,True,False,body,290.0,212.0,-10.0,7,1
1055,499563,979.0,48,624,0.051747,0.7298,True,False,body,480.0,509.0,-10.0,33,1
1056,499774,366.0,20,211,0.051742,0.7296,True,False,body,200.0,176.0,-10.0,10,1
1057,500000,410.0,22,226,0.051737,0.7013,False,False,budget_cutoff,220.0,190.0,0.0,5,0
